CVE-2010-0018,curl https://nvd.nist.gov/vuln/detail/CVE-2010-0018 > txt/CVE-2010-0018.txt
CVE-2010-0151,curl https://nvd.nist.gov/vuln/detail/CVE-2010-0151 > txt/CVE-2010-0151.txt
CVE-2010-0307,curl https://nvd.nist.gov/vuln/detail/CVE-2010-0307 > txt/CVE-2010-0307.txt
CVE-2010-0093,curl https://nvd.nist.gov/vuln/detail/CVE-2010-0093 > txt/CVE-2010-0093.txt
CVE-2010-0192,curl https://nvd.nist.gov/vuln/detail/CVE-2010-0192 > txt/CVE-2010-0192.txt
CVE-2010-0083,curl https://nvd.nist.gov/vuln/detail/CVE-2010-0083 > txt/CVE-2010-0083.txt
CVE-2010-0112,curl https://nvd.nist.gov/vuln/detail/CVE-2010-0112 > txt/CVE-2010-0112.txt
CVE-2010-0437,curl https://nvd.nist.gov/vuln/detail/CVE-2010-0437 > txt/CVE-2010-0437.txt
CVE-2010-0577,curl https://nvd.nist.gov/vuln/detail/CVE-2010-0577 > txt/CVE-2010-0577.txt
CVE-2010-0335,curl https://nvd.nist.gov/vuln/detail/CVE-2010-0335 > txt/CVE-2010-0335.txt
CVE-2010-0113,curl https://nvd.nist.gov/vuln/detail/CVE-2010-0113 > txt/CVE-2010-0113.txt
CVE-2010-0555,curl https://nvd.nist.gov/vuln/detail/CVE-2010-0555 > txt/CVE-2010-0555.txt
CVE-2010-0159,curl https://nvd.nist.gov/vuln/detail/CVE-2010-0159 > txt/CVE-2010-0159.txt
CVE-2010-0751,curl https://nvd.nist.gov/vuln/detail/CVE-2010-0751 > txt/CVE-2010-0751.txt
CVE-2010-0724,curl https://nvd.nist.gov/vuln/detail/CVE-2010-0724 > txt/CVE-2010-0724.txt
CVE-2010-0478,curl https://nvd.nist.gov/vuln/detail/CVE-2010-0478 > txt/CVE-2010-0478.txt
CVE-2010-0752,curl https://nvd.nist.gov/vuln/detail/CVE-2010-0752 > txt/CVE-2010-0752.txt
CVE-2010-0243,curl https://nvd.nist.gov/vuln/detail/CVE-2010-0243 > txt/CVE-2010-0243.txt
CVE-2010-0467,curl https://nvd.nist.gov/vuln/detail/CVE-2010-0467 > txt/CVE-2010-0467.txt
CVE-2010-0279,curl https://nvd.nist.gov/vuln/detail/CVE-2010-0279 > txt/CVE-2010-0279.txt
CVE-2010-0714,curl https://nvd.nist.gov/vuln/detail/CVE-2010-0714 > txt/CVE-2010-0714.txt
CVE-2010-1022,curl https://nvd.nist.gov/vuln/detail/CVE-2010-1022 > txt/CVE-2010-1022.txt
CVE-2010-0743,curl https://nvd.nist.gov/vuln/detail/CVE-2010-0743 > txt/CVE-2010-0743.txt
CVE-2010-0915,curl https://nvd.nist.gov/vuln/detail/CVE-2010-0915 > txt/CVE-2010-0915.txt
CVE-2010-1180,curl https://nvd.nist.gov/vuln/detail/CVE-2010-1180 > txt/CVE-2010-1180.txt
CVE-2010-0977,curl https://nvd.nist.gov/vuln/detail/CVE-2010-0977 > txt/CVE-2010-0977.txt
CVE-2010-0761,curl https://nvd.nist.gov/vuln/detail/CVE-2010-0761 > txt/CVE-2010-0761.txt
CVE-2010-0632,curl https://nvd.nist.gov/vuln/detail/CVE-2010-0632 > txt/CVE-2010-0632.txt
CVE-2010-0643,curl https://nvd.nist.gov/vuln/detail/CVE-2010-0643 > txt/CVE-2010-0643.txt
CVE-2010-1510,curl https://nvd.nist.gov/vuln/detail/CVE-2010-1510 > txt/CVE-2010-1510.txt
CVE-2010-1412,curl https://nvd.nist.gov/vuln/detail/CVE-2010-1412 > txt/CVE-2010-1412.txt
CVE-2010-0862,curl https://nvd.nist.gov/vuln/detail/CVE-2010-0862 > txt/CVE-2010-0862.txt
CVE-2010-0849,curl https://nvd.nist.gov/vuln/detail/CVE-2010-0849 > txt/CVE-2010-0849.txt
CVE-2010-0999,curl https://nvd.nist.gov/vuln/detail/CVE-2010-0999 > txt/CVE-2010-0999.txt
CVE-2010-1437,curl https://nvd.nist.gov/vuln/detail/CVE-2010-1437 > txt/CVE-2010-1437.txt
CVE-2010-1488,curl https://nvd.nist.gov/vuln/detail/CVE-2010-1488 > txt/CVE-2010-1488.txt
CVE-2010-0888,curl https://nvd.nist.gov/vuln/detail/CVE-2010-0888 > txt/CVE-2010-0888.txt
CVE-2010-1189,curl https://nvd.nist.gov/vuln/detail/CVE-2010-1189 > txt/CVE-2010-1189.txt
CVE-2010-0820,curl https://nvd.nist.gov/vuln/detail/CVE-2010-0820 > txt/CVE-2010-0820.txt
CVE-2010-1071,curl https://nvd.nist.gov/vuln/detail/CVE-2010-1071 > txt/CVE-2010-1071.txt
CVE-2010-1035,curl https://nvd.nist.gov/vuln/detail/CVE-2010-1035 > txt/CVE-2010-1035.txt
CVE-2010-1238,curl https://nvd.nist.gov/vuln/detail/CVE-2010-1238 > txt/CVE-2010-1238.txt
CVE-2010-1008,curl https://nvd.nist.gov/vuln/detail/CVE-2010-1008 > txt/CVE-2010-1008.txt
CVE-2010-1445,curl https://nvd.nist.gov/vuln/detail/CVE-2010-1445 > txt/CVE-2010-1445.txt
CVE-2010-1331,curl https://nvd.nist.gov/vuln/detail/CVE-2010-1331 > txt/CVE-2010-1331.txt
CVE-2010-1334,curl https://nvd.nist.gov/vuln/detail/CVE-2010-1334 > txt/CVE-2010-1334.txt
CVE-2010-1202,curl https://nvd.nist.gov/vuln/detail/CVE-2010-1202 > txt/CVE-2010-1202.txt
CVE-2010-1344,curl https://nvd.nist.gov/vuln/detail/CVE-2010-1344 > txt/CVE-2010-1344.txt
CVE-2010-1045,curl https://nvd.nist.gov/vuln/detail/CVE-2010-1045 > txt/CVE-2010-1045.txt
CVE-2010-1886,curl https://nvd.nist.gov/vuln/detail/CVE-2010-1886 > txt/CVE-2010-1886.txt
CVE-2010-2022,curl https://nvd.nist.gov/vuln/detail/CVE-2010-2022 > txt/CVE-2010-2022.txt
CVE-2010-1375,curl https://nvd.nist.gov/vuln/detail/CVE-2010-1375 > txt/CVE-2010-1375.txt
CVE-2010-1975,curl https://nvd.nist.gov/vuln/detail/CVE-2010-1975 > txt/CVE-2010-1975.txt
CVE-2010-1451,curl https://nvd.nist.gov/vuln/detail/CVE-2010-1451 > txt/CVE-2010-1451.txt
CVE-2010-1477,curl https://nvd.nist.gov/vuln/detail/CVE-2010-1477 > txt/CVE-2010-1477.txt
CVE-2010-1363,curl https://nvd.nist.gov/vuln/detail/CVE-2010-1363 > txt/CVE-2010-1363.txt
CVE-2010-1950,curl https://nvd.nist.gov/vuln/detail/CVE-2010-1950 > txt/CVE-2010-1950.txt
CVE-2010-1580,curl https://nvd.nist.gov/vuln/detail/CVE-2010-1580 > txt/CVE-2010-1580.txt
CVE-2010-1521,curl https://nvd.nist.gov/vuln/detail/CVE-2010-1521 > txt/CVE-2010-1521.txt
CVE-2010-1928,curl https://nvd.nist.gov/vuln/detail/CVE-2010-1928 > txt/CVE-2010-1928.txt
CVE-2010-1961,curl https://nvd.nist.gov/vuln/detail/CVE-2010-1961 > txt/CVE-2010-1961.txt
CVE-2010-2292,curl https://nvd.nist.gov/vuln/detail/CVE-2010-2292 > txt/CVE-2010-2292.txt
CVE-2010-1668,curl https://nvd.nist.gov/vuln/detail/CVE-2010-1668 > txt/CVE-2010-1668.txt
CVE-2010-2212,curl https://nvd.nist.gov/vuln/detail/CVE-2010-2212 > txt/CVE-2010-2212.txt
CVE-2010-2360,curl https://nvd.nist.gov/vuln/detail/CVE-2010-2360 > txt/CVE-2010-2360.txt
CVE-2010-2060,curl https://nvd.nist.gov/vuln/detail/CVE-2010-2060 > txt/CVE-2010-2060.txt
CVE-2010-1767,curl https://nvd.nist.gov/vuln/detail/CVE-2010-1767 > txt/CVE-2010-1767.txt
CVE-2010-1890,curl https://nvd.nist.gov/vuln/detail/CVE-2010-1890 > txt/CVE-2010-1890.txt
CVE-2010-1701,curl https://nvd.nist.gov/vuln/detail/CVE-2010-1701 > txt/CVE-2010-1701.txt
CVE-2010-2028,curl https://nvd.nist.gov/vuln/detail/CVE-2010-2028 > txt/CVE-2010-2028.txt
CVE-2010-1498,curl https://nvd.nist.gov/vuln/detail/CVE-2010-1498 > txt/CVE-2010-1498.txt
CVE-2010-2146,curl https://nvd.nist.gov/vuln/detail/CVE-2010-2146 > txt/CVE-2010-2146.txt
CVE-2010-1709,curl https://nvd.nist.gov/vuln/detail/CVE-2010-1709 > txt/CVE-2010-1709.txt
CVE-2010-2185,curl https://nvd.nist.gov/vuln/detail/CVE-2010-2185 > txt/CVE-2010-2185.txt
CVE-2010-2538,curl https://nvd.nist.gov/vuln/detail/CVE-2010-2538 > txt/CVE-2010-2538.txt
CVE-2010-2778,curl https://nvd.nist.gov/vuln/detail/CVE-2010-2778 > txt/CVE-2010-2778.txt
CVE-2010-2210,curl https://nvd.nist.gov/vuln/detail/CVE-2010-2210 > txt/CVE-2010-2210.txt
CVE-2010-2586,curl https://nvd.nist.gov/vuln/detail/CVE-2010-2586 > txt/CVE-2010-2586.txt
CVE-2010-2238,curl https://nvd.nist.gov/vuln/detail/CVE-2010-2238 > txt/CVE-2010-2238.txt
CVE-2010-2859,curl https://nvd.nist.gov/vuln/detail/CVE-2010-2859 > txt/CVE-2010-2859.txt
CVE-2010-2702,curl https://nvd.nist.gov/vuln/detail/CVE-2010-2702 > txt/CVE-2010-2702.txt
CVE-2010-2890,curl https://nvd.nist.gov/vuln/detail/CVE-2010-2890 > txt/CVE-2010-2890.txt
CVE-2010-3087,curl https://nvd.nist.gov/vuln/detail/CVE-2010-3087 > txt/CVE-2010-3087.txt
CVE-2010-3170,curl https://nvd.nist.gov/vuln/detail/CVE-2010-3170 > txt/CVE-2010-3170.txt
CVE-2010-3460,curl https://nvd.nist.gov/vuln/detail/CVE-2010-3460 > txt/CVE-2010-3460.txt
CVE-2010-2686,curl https://nvd.nist.gov/vuln/detail/CVE-2010-2686 > txt/CVE-2010-2686.txt
CVE-2010-3493,curl https://nvd.nist.gov/vuln/detail/CVE-2010-3493 > txt/CVE-2010-3493.txt
CVE-2010-2953,curl https://nvd.nist.gov/vuln/detail/CVE-2010-2953 > txt/CVE-2010-2953.txt
CVE-2010-3361,curl https://nvd.nist.gov/vuln/detail/CVE-2010-3361 > txt/CVE-2010-3361.txt
CVE-2010-3766,curl https://nvd.nist.gov/vuln/detail/CVE-2010-3766 > txt/CVE-2010-3766.txt
CVE-2010-3389,curl https://nvd.nist.gov/vuln/detail/CVE-2010-3389 > txt/CVE-2010-3389.txt
CVE-2010-4023,curl https://nvd.nist.gov/vuln/detail/CVE-2010-4023 > txt/CVE-2010-4023.txt
CVE-2010-3898,curl https://nvd.nist.gov/vuln/detail/CVE-2010-3898 > txt/CVE-2010-3898.txt
CVE-2010-3148,curl https://nvd.nist.gov/vuln/detail/CVE-2010-3148 > txt/CVE-2010-3148.txt
CVE-2010-3895,curl https://nvd.nist.gov/vuln/detail/CVE-2010-3895 > txt/CVE-2010-3895.txt
CVE-2010-3614,curl https://nvd.nist.gov/vuln/detail/CVE-2010-3614 > txt/CVE-2010-3614.txt
CVE-2010-3801,curl https://nvd.nist.gov/vuln/detail/CVE-2010-3801 > txt/CVE-2010-3801.txt
CVE-2010-3887,curl https://nvd.nist.gov/vuln/detail/CVE-2010-3887 > txt/CVE-2010-3887.txt
CVE-2010-4235,curl https://nvd.nist.gov/vuln/detail/CVE-2010-4235 > txt/CVE-2010-4235.txt
CVE-2010-3602,curl https://nvd.nist.gov/vuln/detail/CVE-2010-3602 > txt/CVE-2010-3602.txt
CVE-2010-3779,curl https://nvd.nist.gov/vuln/detail/CVE-2010-3779 > txt/CVE-2010-3779.txt
CVE-2010-4153,curl https://nvd.nist.gov/vuln/detail/CVE-2010-4153 > txt/CVE-2010-4153.txt
CVE-2010-4267,curl https://nvd.nist.gov/vuln/detail/CVE-2010-4267 > txt/CVE-2010-4267.txt
CVE-2010-4115,curl https://nvd.nist.gov/vuln/detail/CVE-2010-4115 > txt/CVE-2010-4115.txt
CVE-2010-3842,curl https://nvd.nist.gov/vuln/detail/CVE-2010-3842 > txt/CVE-2010-3842.txt
CVE-2010-3814,curl https://nvd.nist.gov/vuln/detail/CVE-2010-3814 > txt/CVE-2010-3814.txt
CVE-2010-3619,curl https://nvd.nist.gov/vuln/detail/CVE-2010-3619 > txt/CVE-2010-3619.txt
CVE-2010-4036,curl https://nvd.nist.gov/vuln/detail/CVE-2010-4036 > txt/CVE-2010-4036.txt
CVE-2010-4160,curl https://nvd.nist.gov/vuln/detail/CVE-2010-4160 > txt/CVE-2010-4160.txt
CVE-2010-3840,curl https://nvd.nist.gov/vuln/detail/CVE-2010-3840 > txt/CVE-2010-3840.txt
CVE-2010-3795,curl https://nvd.nist.gov/vuln/detail/CVE-2010-3795 > txt/CVE-2010-3795.txt
CVE-2010-3959,curl https://nvd.nist.gov/vuln/detail/CVE-2010-3959 > txt/CVE-2010-3959.txt
CVE-2010-3908,curl https://nvd.nist.gov/vuln/detail/CVE-2010-3908 > txt/CVE-2010-3908.txt
CVE-2010-4434,curl https://nvd.nist.gov/vuln/detail/CVE-2010-4434 > txt/CVE-2010-4434.txt
CVE-2010-4652,curl https://nvd.nist.gov/vuln/detail/CVE-2010-4652 > txt/CVE-2010-4652.txt
CVE-2010-4329,curl https://nvd.nist.gov/vuln/detail/CVE-2010-4329 > txt/CVE-2010-4329.txt
CVE-2010-4847,curl https://nvd.nist.gov/vuln/detail/CVE-2010-4847 > txt/CVE-2010-4847.txt
CVE-2010-4353,curl https://nvd.nist.gov/vuln/detail/CVE-2010-4353 > txt/CVE-2010-4353.txt
CVE-2010-4583,curl https://nvd.nist.gov/vuln/detail/CVE-2010-4583 > txt/CVE-2010-4583.txt
CVE-2010-4618,curl https://nvd.nist.gov/vuln/detail/CVE-2010-4618 > txt/CVE-2010-4618.txt
CVE-2010-5302,curl https://nvd.nist.gov/vuln/detail/CVE-2010-5302 > txt/CVE-2010-5302.txt
CVE-2010-4821,curl https://nvd.nist.gov/vuln/detail/CVE-2010-4821 > txt/CVE-2010-4821.txt
CVE-2010-4838,curl https://nvd.nist.gov/vuln/detail/CVE-2010-4838 > txt/CVE-2010-4838.txt
CVE-2010-5171,curl https://nvd.nist.gov/vuln/detail/CVE-2010-5171 > txt/CVE-2010-5171.txt
CVE-2011-0055,curl https://nvd.nist.gov/vuln/detail/CVE-2011-0055 > txt/CVE-2011-0055.txt
CVE-2010-4790,curl https://nvd.nist.gov/vuln/detail/CVE-2010-4790 > txt/CVE-2010-4790.txt
CVE-2010-4836,curl https://nvd.nist.gov/vuln/detail/CVE-2010-4836 > txt/CVE-2010-4836.txt
CVE-2010-5140,curl https://nvd.nist.gov/vuln/detail/CVE-2010-5140 > txt/CVE-2010-5140.txt
CVE-2010-5315,curl https://nvd.nist.gov/vuln/detail/CVE-2010-5315 > txt/CVE-2010-5315.txt
CVE-2010-4994,curl https://nvd.nist.gov/vuln/detail/CVE-2010-4994 > txt/CVE-2010-4994.txt
CVE-2010-5013,curl https://nvd.nist.gov/vuln/detail/CVE-2010-5013 > txt/CVE-2010-5013.txt
CVE-2011-0611,curl https://nvd.nist.gov/vuln/detail/CVE-2011-0611 > txt/CVE-2011-0611.txt
CVE-2011-0136,curl https://nvd.nist.gov/vuln/detail/CVE-2011-0136 > txt/CVE-2011-0136.txt
CVE-2011-0382,curl https://nvd.nist.gov/vuln/detail/CVE-2011-0382 > txt/CVE-2011-0382.txt
CVE-2011-0633,curl https://nvd.nist.gov/vuln/detail/CVE-2011-0633 > txt/CVE-2011-0633.txt
CVE-2011-0159,curl https://nvd.nist.gov/vuln/detail/CVE-2011-0159 > txt/CVE-2011-0159.txt
CVE-2011-0498,curl https://nvd.nist.gov/vuln/detail/CVE-2011-0498 > txt/CVE-2011-0498.txt
CVE-2010-5251,curl https://nvd.nist.gov/vuln/detail/CVE-2010-5251 > txt/CVE-2010-5251.txt
CVE-2011-0505,curl https://nvd.nist.gov/vuln/detail/CVE-2011-0505 > txt/CVE-2011-0505.txt
CVE-2011-0169,curl https://nvd.nist.gov/vuln/detail/CVE-2011-0169 > txt/CVE-2011-0169.txt
CVE-2011-0586,curl https://nvd.nist.gov/vuln/detail/CVE-2011-0586 > txt/CVE-2011-0586.txt
CVE-2011-0881,curl https://nvd.nist.gov/vuln/detail/CVE-2011-0881 > txt/CVE-2011-0881.txt
CVE-2011-1227,curl https://nvd.nist.gov/vuln/detail/CVE-2011-1227 > txt/CVE-2011-1227.txt
CVE-2011-0612,curl https://nvd.nist.gov/vuln/detail/CVE-2011-0612 > txt/CVE-2011-0612.txt
CVE-2011-0780,curl https://nvd.nist.gov/vuln/detail/CVE-2011-0780 > txt/CVE-2011-0780.txt
CVE-2011-0742,curl https://nvd.nist.gov/vuln/detail/CVE-2011-0742 > txt/CVE-2011-0742.txt
CVE-2011-1202,curl https://nvd.nist.gov/vuln/detail/CVE-2011-1202 > txt/CVE-2011-1202.txt
CVE-2011-1325,curl https://nvd.nist.gov/vuln/detail/CVE-2011-1325 > txt/CVE-2011-1325.txt
CVE-2011-0581,curl https://nvd.nist.gov/vuln/detail/CVE-2011-0581 > txt/CVE-2011-0581.txt
CVE-2011-1233,curl https://nvd.nist.gov/vuln/detail/CVE-2011-1233 > txt/CVE-2011-1233.txt
CVE-2011-0875,curl https://nvd.nist.gov/vuln/detail/CVE-2011-0875 > txt/CVE-2011-0875.txt
CVE-2011-1558,curl https://nvd.nist.gov/vuln/detail/CVE-2011-1558 > txt/CVE-2011-1558.txt
CVE-2011-0996,curl https://nvd.nist.gov/vuln/detail/CVE-2011-0996 > txt/CVE-2011-0996.txt
CVE-2011-1754,curl https://nvd.nist.gov/vuln/detail/CVE-2011-1754 > txt/CVE-2011-1754.txt
CVE-2011-1667,curl https://nvd.nist.gov/vuln/detail/CVE-2011-1667 > txt/CVE-2011-1667.txt
CVE-2011-1731,curl https://nvd.nist.gov/vuln/detail/CVE-2011-1731 > txt/CVE-2011-1731.txt
CVE-2011-1589,curl https://nvd.nist.gov/vuln/detail/CVE-2011-1589 > txt/CVE-2011-1589.txt
CVE-2011-1153,curl https://nvd.nist.gov/vuln/detail/CVE-2011-1153 > txt/CVE-2011-1153.txt
CVE-2011-1494,curl https://nvd.nist.gov/vuln/detail/CVE-2011-1494 > txt/CVE-2011-1494.txt
CVE-2011-1773,curl https://nvd.nist.gov/vuln/detail/CVE-2011-1773 > txt/CVE-2011-1773.txt
CVE-2011-1861,curl https://nvd.nist.gov/vuln/detail/CVE-2011-1861 > txt/CVE-2011-1861.txt
CVE-2011-1867,curl https://nvd.nist.gov/vuln/detail/CVE-2011-1867 > txt/CVE-2011-1867.txt
CVE-2011-1575,curl https://nvd.nist.gov/vuln/detail/CVE-2011-1575 > txt/CVE-2011-1575.txt
CVE-2011-1456,curl https://nvd.nist.gov/vuln/detail/CVE-2011-1456 > txt/CVE-2011-1456.txt
CVE-2011-1925,curl https://nvd.nist.gov/vuln/detail/CVE-2011-1925 > txt/CVE-2011-1925.txt
CVE-2011-1764,curl https://nvd.nist.gov/vuln/detail/CVE-2011-1764 > txt/CVE-2011-1764.txt
CVE-2011-2348,curl https://nvd.nist.gov/vuln/detail/CVE-2011-2348 > txt/CVE-2011-2348.txt
CVE-2011-1835,curl https://nvd.nist.gov/vuln/detail/CVE-2011-1835 > txt/CVE-2011-1835.txt
CVE-2011-1649,curl https://nvd.nist.gov/vuln/detail/CVE-2011-1649 > txt/CVE-2011-1649.txt
CVE-2011-1922,curl https://nvd.nist.gov/vuln/detail/CVE-2011-1922 > txt/CVE-2011-1922.txt
CVE-2011-1832,curl https://nvd.nist.gov/vuln/detail/CVE-2011-1832 > txt/CVE-2011-1832.txt
CVE-2011-2002,curl https://nvd.nist.gov/vuln/detail/CVE-2011-2002 > txt/CVE-2011-2002.txt
CVE-2011-2367,curl https://nvd.nist.gov/vuln/detail/CVE-2011-2367 > txt/CVE-2011-2367.txt
CVE-2011-1858,curl https://nvd.nist.gov/vuln/detail/CVE-2011-1858 > txt/CVE-2011-1858.txt
CVE-2011-1907,curl https://nvd.nist.gov/vuln/detail/CVE-2011-1907 > txt/CVE-2011-1907.txt
CVE-2011-2601,curl https://nvd.nist.gov/vuln/detail/CVE-2011-2601 > txt/CVE-2011-2601.txt
CVE-2011-2711,curl https://nvd.nist.gov/vuln/detail/CVE-2011-2711 > txt/CVE-2011-2711.txt
CVE-2011-2427,curl https://nvd.nist.gov/vuln/detail/CVE-2011-2427 > txt/CVE-2011-2427.txt
CVE-2011-2300,curl https://nvd.nist.gov/vuln/detail/CVE-2011-2300 > txt/CVE-2011-2300.txt
CVE-2011-1984,curl https://nvd.nist.gov/vuln/detail/CVE-2011-1984 > txt/CVE-2011-1984.txt
CVE-2011-1931,curl https://nvd.nist.gov/vuln/detail/CVE-2011-1931 > txt/CVE-2011-1931.txt
CVE-2011-2003,curl https://nvd.nist.gov/vuln/detail/CVE-2011-2003 > txt/CVE-2011-2003.txt
CVE-2011-2802,curl https://nvd.nist.gov/vuln/detail/CVE-2011-2802 > txt/CVE-2011-2802.txt
CVE-2011-2188,curl https://nvd.nist.gov/vuln/detail/CVE-2011-2188 > txt/CVE-2011-2188.txt
CVE-2011-3012,curl https://nvd.nist.gov/vuln/detail/CVE-2011-3012 > txt/CVE-2011-3012.txt
CVE-2011-3104,curl https://nvd.nist.gov/vuln/detail/CVE-2011-3104 > txt/CVE-2011-3104.txt
CVE-2011-2710,curl https://nvd.nist.gov/vuln/detail/CVE-2011-2710 > txt/CVE-2011-2710.txt
CVE-2011-2672,curl https://nvd.nist.gov/vuln/detail/CVE-2011-2672 > txt/CVE-2011-2672.txt
CVE-2011-3065,curl https://nvd.nist.gov/vuln/detail/CVE-2011-3065 > txt/CVE-2011-3065.txt
CVE-2011-3102,curl https://nvd.nist.gov/vuln/detail/CVE-2011-3102 > txt/CVE-2011-3102.txt
CVE-2011-3194,curl https://nvd.nist.gov/vuln/detail/CVE-2011-3194 > txt/CVE-2011-3194.txt
CVE-2011-2645,curl https://nvd.nist.gov/vuln/detail/CVE-2011-2645 > txt/CVE-2011-2645.txt
CVE-2011-3044,curl https://nvd.nist.gov/vuln/detail/CVE-2011-3044 > txt/CVE-2011-3044.txt
CVE-2011-3406,curl https://nvd.nist.gov/vuln/detail/CVE-2011-3406 > txt/CVE-2011-3406.txt
CVE-2011-2743,curl https://nvd.nist.gov/vuln/detail/CVE-2011-2743 > txt/CVE-2011-2743.txt
CVE-2011-3412,curl https://nvd.nist.gov/vuln/detail/CVE-2011-3412 > txt/CVE-2011-3412.txt
CVE-2011-3010,curl https://nvd.nist.gov/vuln/detail/CVE-2011-3010 > txt/CVE-2011-3010.txt
CVE-2011-2850,curl https://nvd.nist.gov/vuln/detail/CVE-2011-2850 > txt/CVE-2011-2850.txt
CVE-2011-3379,curl https://nvd.nist.gov/vuln/detail/CVE-2011-3379 > txt/CVE-2011-3379.txt
CVE-2011-3295,curl https://nvd.nist.gov/vuln/detail/CVE-2011-3295 > txt/CVE-2011-3295.txt
CVE-2011-3053,curl https://nvd.nist.gov/vuln/detail/CVE-2011-3053 > txt/CVE-2011-3053.txt
CVE-2011-3439,curl https://nvd.nist.gov/vuln/detail/CVE-2011-3439 > txt/CVE-2011-3439.txt
CVE-2011-3907,curl https://nvd.nist.gov/vuln/detail/CVE-2011-3907 > txt/CVE-2011-3907.txt
CVE-2011-3820,curl https://nvd.nist.gov/vuln/detail/CVE-2011-3820 > txt/CVE-2011-3820.txt
CVE-2011-3282,curl https://nvd.nist.gov/vuln/detail/CVE-2011-3282 > txt/CVE-2011-3282.txt
CVE-2011-3558,curl https://nvd.nist.gov/vuln/detail/CVE-2011-3558 > txt/CVE-2011-3558.txt
CVE-2011-3458,curl https://nvd.nist.gov/vuln/detail/CVE-2011-3458 > txt/CVE-2011-3458.txt
CVE-2011-3856,curl https://nvd.nist.gov/vuln/detail/CVE-2011-3856 > txt/CVE-2011-3856.txt
CVE-2011-3534,curl https://nvd.nist.gov/vuln/detail/CVE-2011-3534 > txt/CVE-2011-3534.txt
CVE-2011-3563,curl https://nvd.nist.gov/vuln/detail/CVE-2011-3563 > txt/CVE-2011-3563.txt
CVE-2011-4565,curl https://nvd.nist.gov/vuln/detail/CVE-2011-4565 > txt/CVE-2011-4565.txt
CVE-2011-4458,curl https://nvd.nist.gov/vuln/detail/CVE-2011-4458 > txt/CVE-2011-4458.txt
CVE-2011-4621,curl https://nvd.nist.gov/vuln/detail/CVE-2011-4621 > txt/CVE-2011-4621.txt
CVE-2011-4611,curl https://nvd.nist.gov/vuln/detail/CVE-2011-4611 > txt/CVE-2011-4611.txt
CVE-2011-4830,curl https://nvd.nist.gov/vuln/detail/CVE-2011-4830 > txt/CVE-2011-4830.txt
CVE-2011-4823,curl https://nvd.nist.gov/vuln/detail/CVE-2011-4823 > txt/CVE-2011-4823.txt
CVE-2011-4607,curl https://nvd.nist.gov/vuln/detail/CVE-2011-4607 > txt/CVE-2011-4607.txt
CVE-2011-4877,curl https://nvd.nist.gov/vuln/detail/CVE-2011-4877 > txt/CVE-2011-4877.txt
CVE-2011-5216,curl https://nvd.nist.gov/vuln/detail/CVE-2011-5216 > txt/CVE-2011-5216.txt
CVE-2011-4335,curl https://nvd.nist.gov/vuln/detail/CVE-2011-4335 > txt/CVE-2011-4335.txt
CVE-2011-4755,curl https://nvd.nist.gov/vuln/detail/CVE-2011-4755 > txt/CVE-2011-4755.txt
CVE-2011-5101,curl https://nvd.nist.gov/vuln/detail/CVE-2011-5101 > txt/CVE-2011-5101.txt
CVE-2011-4729,curl https://nvd.nist.gov/vuln/detail/CVE-2011-4729 > txt/CVE-2011-4729.txt
CVE-2011-5002,curl https://nvd.nist.gov/vuln/detail/CVE-2011-5002 > txt/CVE-2011-5002.txt
CVE-2011-5009,curl https://nvd.nist.gov/vuln/detail/CVE-2011-5009 > txt/CVE-2011-5009.txt
CVE-2011-5168,curl https://nvd.nist.gov/vuln/detail/CVE-2011-5168 > txt/CVE-2011-5168.txt
CVE-2012-0089,curl https://nvd.nist.gov/vuln/detail/CVE-2012-0089 > txt/CVE-2012-0089.txt
CVE-2012-0059,curl https://nvd.nist.gov/vuln/detail/CVE-2012-0059 > txt/CVE-2012-0059.txt
CVE-2012-0014,curl https://nvd.nist.gov/vuln/detail/CVE-2012-0014 > txt/CVE-2012-0014.txt
CVE-2012-0195,curl https://nvd.nist.gov/vuln/detail/CVE-2012-0195 > txt/CVE-2012-0195.txt
CVE-2011-5192,curl https://nvd.nist.gov/vuln/detail/CVE-2011-5192 > txt/CVE-2011-5192.txt
CVE-2012-0141,curl https://nvd.nist.gov/vuln/detail/CVE-2012-0141 > txt/CVE-2012-0141.txt
CVE-2011-5296,curl https://nvd.nist.gov/vuln/detail/CVE-2011-5296 > txt/CVE-2011-5296.txt
CVE-2011-5237,curl https://nvd.nist.gov/vuln/detail/CVE-2011-5237 > txt/CVE-2011-5237.txt
CVE-2011-5277,curl https://nvd.nist.gov/vuln/detail/CVE-2011-5277 > txt/CVE-2011-5277.txt
CVE-2012-0477,curl https://nvd.nist.gov/vuln/detail/CVE-2012-0477 > txt/CVE-2012-0477.txt
CVE-2012-0296,curl https://nvd.nist.gov/vuln/detail/CVE-2012-0296 > txt/CVE-2012-0296.txt
CVE-2012-0518,curl https://nvd.nist.gov/vuln/detail/CVE-2012-0518 > txt/CVE-2012-0518.txt
CVE-2012-0091,curl https://nvd.nist.gov/vuln/detail/CVE-2012-0091 > txt/CVE-2012-0091.txt
CVE-2012-0446,curl https://nvd.nist.gov/vuln/detail/CVE-2012-0446 > txt/CVE-2012-0446.txt
CVE-2012-0263,curl https://nvd.nist.gov/vuln/detail/CVE-2012-0263 > txt/CVE-2012-0263.txt
CVE-2012-0105,curl https://nvd.nist.gov/vuln/detail/CVE-2012-0105 > txt/CVE-2012-0105.txt
CVE-2012-0465,curl https://nvd.nist.gov/vuln/detail/CVE-2012-0465 > txt/CVE-2012-0465.txt
CVE-2012-0448,curl https://nvd.nist.gov/vuln/detail/CVE-2012-0448 > txt/CVE-2012-0448.txt
CVE-2012-0444,curl https://nvd.nist.gov/vuln/detail/CVE-2012-0444 > txt/CVE-2012-0444.txt
CVE-2012-0715,curl https://nvd.nist.gov/vuln/detail/CVE-2012-0715 > txt/CVE-2012-0715.txt
CVE-2012-0961,curl https://nvd.nist.gov/vuln/detail/CVE-2012-0961 > txt/CVE-2012-0961.txt
CVE-2012-0601,curl https://nvd.nist.gov/vuln/detail/CVE-2012-0601 > txt/CVE-2012-0601.txt
CVE-2012-0554,curl https://nvd.nist.gov/vuln/detail/CVE-2012-0554 > txt/CVE-2012-0554.txt
CVE-2012-0745,curl https://nvd.nist.gov/vuln/detail/CVE-2012-0745 > txt/CVE-2012-0745.txt
CVE-2012-0988,curl https://nvd.nist.gov/vuln/detail/CVE-2012-0988 > txt/CVE-2012-0988.txt
CVE-2012-0690,curl https://nvd.nist.gov/vuln/detail/CVE-2012-0690 > txt/CVE-2012-0690.txt
CVE-2012-0738,curl https://nvd.nist.gov/vuln/detail/CVE-2012-0738 > txt/CVE-2012-0738.txt
CVE-2012-1344,curl https://nvd.nist.gov/vuln/detail/CVE-2012-1344 > txt/CVE-2012-1344.txt
CVE-2012-0796,curl https://nvd.nist.gov/vuln/detail/CVE-2012-0796 > txt/CVE-2012-0796.txt
CVE-2012-1220,curl https://nvd.nist.gov/vuln/detail/CVE-2012-1220 > txt/CVE-2012-1220.txt
CVE-2012-1248,curl https://nvd.nist.gov/vuln/detail/CVE-2012-1248 > txt/CVE-2012-1248.txt
CVE-2012-1395,curl https://nvd.nist.gov/vuln/detail/CVE-2012-1395 > txt/CVE-2012-1395.txt
CVE-2012-0761,curl https://nvd.nist.gov/vuln/detail/CVE-2012-0761 > txt/CVE-2012-0761.txt
CVE-2012-0876,curl https://nvd.nist.gov/vuln/detail/CVE-2012-0876 > txt/CVE-2012-0876.txt
CVE-2012-0859,curl https://nvd.nist.gov/vuln/detail/CVE-2012-0859 > txt/CVE-2012-0859.txt
CVE-2012-1634,curl https://nvd.nist.gov/vuln/detail/CVE-2012-1634 > txt/CVE-2012-1634.txt
CVE-2012-1247,curl https://nvd.nist.gov/vuln/detail/CVE-2012-1247 > txt/CVE-2012-1247.txt
CVE-2012-1165,curl https://nvd.nist.gov/vuln/detail/CVE-2012-1165 > txt/CVE-2012-1165.txt
CVE-2012-1392,curl https://nvd.nist.gov/vuln/detail/CVE-2012-1392 > txt/CVE-2012-1392.txt
CVE-2012-1588,curl https://nvd.nist.gov/vuln/detail/CVE-2012-1588 > txt/CVE-2012-1588.txt
CVE-2012-1188,curl https://nvd.nist.gov/vuln/detail/CVE-2012-1188 > txt/CVE-2012-1188.txt
CVE-2012-1949,curl https://nvd.nist.gov/vuln/detail/CVE-2012-1949 > txt/CVE-2012-1949.txt
CVE-2012-1982,curl https://nvd.nist.gov/vuln/detail/CVE-2012-1982 > txt/CVE-2012-1982.txt
CVE-2012-2057,curl https://nvd.nist.gov/vuln/detail/CVE-2012-2057 > txt/CVE-2012-2057.txt
CVE-2012-1798,curl https://nvd.nist.gov/vuln/detail/CVE-2012-1798 > txt/CVE-2012-1798.txt
CVE-2012-1758,curl https://nvd.nist.gov/vuln/detail/CVE-2012-1758 > txt/CVE-2012-1758.txt
CVE-2012-2032,curl https://nvd.nist.gov/vuln/detail/CVE-2012-2032 > txt/CVE-2012-2032.txt
CVE-2012-2175,curl https://nvd.nist.gov/vuln/detail/CVE-2012-2175 > txt/CVE-2012-2175.txt
CVE-2012-2390,curl https://nvd.nist.gov/vuln/detail/CVE-2012-2390 > txt/CVE-2012-2390.txt
CVE-2012-1992,curl https://nvd.nist.gov/vuln/detail/CVE-2012-1992 > txt/CVE-2012-1992.txt
CVE-2012-1906,curl https://nvd.nist.gov/vuln/detail/CVE-2012-1906 > txt/CVE-2012-1906.txt
CVE-2012-1972,curl https://nvd.nist.gov/vuln/detail/CVE-2012-1972 > txt/CVE-2012-1972.txt
CVE-2012-1813,curl https://nvd.nist.gov/vuln/detail/CVE-2012-1813 > txt/CVE-2012-1813.txt
CVE-2012-2188,curl https://nvd.nist.gov/vuln/detail/CVE-2012-2188 > txt/CVE-2012-2188.txt
CVE-2012-2019,curl https://nvd.nist.gov/vuln/detail/CVE-2012-2019 > txt/CVE-2012-2019.txt
CVE-2012-2632,curl https://nvd.nist.gov/vuln/detail/CVE-2012-2632 > txt/CVE-2012-2632.txt
CVE-2012-1968,curl https://nvd.nist.gov/vuln/detail/CVE-2012-1968 > txt/CVE-2012-1968.txt
CVE-2012-1955,curl https://nvd.nist.gov/vuln/detail/CVE-2012-1955 > txt/CVE-2012-1955.txt
CVE-2012-2246,curl https://nvd.nist.gov/vuln/detail/CVE-2012-2246 > txt/CVE-2012-2246.txt
CVE-2012-2194,curl https://nvd.nist.gov/vuln/detail/CVE-2012-2194 > txt/CVE-2012-2194.txt
CVE-2012-2354,curl https://nvd.nist.gov/vuln/detail/CVE-2012-2354 > txt/CVE-2012-2354.txt
CVE-2012-2948,curl https://nvd.nist.gov/vuln/detail/CVE-2012-2948 > txt/CVE-2012-2948.txt
CVE-2012-2796,curl https://nvd.nist.gov/vuln/detail/CVE-2012-2796 > txt/CVE-2012-2796.txt
CVE-2012-3203,curl https://nvd.nist.gov/vuln/detail/CVE-2012-3203 > txt/CVE-2012-3203.txt
CVE-2012-2614,curl https://nvd.nist.gov/vuln/detail/CVE-2012-2614 > txt/CVE-2012-2614.txt
CVE-2012-3003,curl https://nvd.nist.gov/vuln/detail/CVE-2012-3003 > txt/CVE-2012-3003.txt
CVE-2012-3116,curl https://nvd.nist.gov/vuln/detail/CVE-2012-3116 > txt/CVE-2012-3116.txt
CVE-2012-2744,curl https://nvd.nist.gov/vuln/detail/CVE-2012-2744 > txt/CVE-2012-2744.txt
CVE-2012-3186,curl https://nvd.nist.gov/vuln/detail/CVE-2012-3186 > txt/CVE-2012-3186.txt
CVE-2012-3189,curl https://nvd.nist.gov/vuln/detail/CVE-2012-3189 > txt/CVE-2012-3189.txt
CVE-2012-3369,curl https://nvd.nist.gov/vuln/detail/CVE-2012-3369 > txt/CVE-2012-3369.txt
CVE-2012-3503,curl https://nvd.nist.gov/vuln/detail/CVE-2012-3503 > txt/CVE-2012-3503.txt
CVE-2012-3605,curl https://nvd.nist.gov/vuln/detail/CVE-2012-3605 > txt/CVE-2012-3605.txt
CVE-2012-3684,curl https://nvd.nist.gov/vuln/detail/CVE-2012-3684 > txt/CVE-2012-3684.txt
CVE-2012-3410,curl https://nvd.nist.gov/vuln/detail/CVE-2012-3410 > txt/CVE-2012-3410.txt
CVE-2012-3262,curl https://nvd.nist.gov/vuln/detail/CVE-2012-3262 > txt/CVE-2012-3262.txt
CVE-2012-3131,curl https://nvd.nist.gov/vuln/detail/CVE-2012-3131 > txt/CVE-2012-3131.txt
CVE-2012-3444,curl https://nvd.nist.gov/vuln/detail/CVE-2012-3444 > txt/CVE-2012-3444.txt
CVE-2012-3389,curl https://nvd.nist.gov/vuln/detail/CVE-2012-3389 > txt/CVE-2012-3389.txt
CVE-2012-3243,curl https://nvd.nist.gov/vuln/detail/CVE-2012-3243 > txt/CVE-2012-3243.txt
CVE-2012-3315,curl https://nvd.nist.gov/vuln/detail/CVE-2012-3315 > txt/CVE-2012-3315.txt
CVE-2012-3582,curl https://nvd.nist.gov/vuln/detail/CVE-2012-3582 > txt/CVE-2012-3582.txt
CVE-2012-4017,curl https://nvd.nist.gov/vuln/detail/CVE-2012-4017 > txt/CVE-2012-4017.txt
CVE-2012-3395,curl https://nvd.nist.gov/vuln/detail/CVE-2012-3395 > txt/CVE-2012-3395.txt
CVE-2012-4274,curl https://nvd.nist.gov/vuln/detail/CVE-2012-4274 > txt/CVE-2012-4274.txt
CVE-2012-3747,curl https://nvd.nist.gov/vuln/detail/CVE-2012-3747 > txt/CVE-2012-3747.txt
CVE-2012-4148,curl https://nvd.nist.gov/vuln/detail/CVE-2012-4148 > txt/CVE-2012-4148.txt
CVE-2012-4165,curl https://nvd.nist.gov/vuln/detail/CVE-2012-4165 > txt/CVE-2012-4165.txt
CVE-2012-3646,curl https://nvd.nist.gov/vuln/detail/CVE-2012-3646 > txt/CVE-2012-3646.txt
CVE-2012-4256,curl https://nvd.nist.gov/vuln/detail/CVE-2012-4256 > txt/CVE-2012-4256.txt
CVE-2012-3650,curl https://nvd.nist.gov/vuln/detail/CVE-2012-3650 > txt/CVE-2012-3650.txt
CVE-2012-4065,curl https://nvd.nist.gov/vuln/detail/CVE-2012-4065 > txt/CVE-2012-4065.txt
CVE-2012-3757,curl https://nvd.nist.gov/vuln/detail/CVE-2012-3757 > txt/CVE-2012-3757.txt
CVE-2012-3685,curl https://nvd.nist.gov/vuln/detail/CVE-2012-3685 > txt/CVE-2012-3685.txt
CVE-2012-3688,curl https://nvd.nist.gov/vuln/detail/CVE-2012-3688 > txt/CVE-2012-3688.txt
CVE-2012-3795,curl https://nvd.nist.gov/vuln/detail/CVE-2012-3795 > txt/CVE-2012-3795.txt
CVE-2012-4205,curl https://nvd.nist.gov/vuln/detail/CVE-2012-4205 > txt/CVE-2012-4205.txt
CVE-2012-4605,curl https://nvd.nist.gov/vuln/detail/CVE-2012-4605 > txt/CVE-2012-4605.txt
CVE-2012-4582,curl https://nvd.nist.gov/vuln/detail/CVE-2012-4582 > txt/CVE-2012-4582.txt
CVE-2012-4109,curl https://nvd.nist.gov/vuln/detail/CVE-2012-4109 > txt/CVE-2012-4109.txt
CVE-2012-4836,curl https://nvd.nist.gov/vuln/detail/CVE-2012-4836 > txt/CVE-2012-4836.txt
CVE-2012-4337,curl https://nvd.nist.gov/vuln/detail/CVE-2012-4337 > txt/CVE-2012-4337.txt
CVE-2012-4537,curl https://nvd.nist.gov/vuln/detail/CVE-2012-4537 > txt/CVE-2012-4537.txt
CVE-2012-5078,curl https://nvd.nist.gov/vuln/detail/CVE-2012-5078 > txt/CVE-2012-5078.txt
CVE-2012-4706,curl https://nvd.nist.gov/vuln/detail/CVE-2012-4706 > txt/CVE-2012-4706.txt
CVE-2012-5139,curl https://nvd.nist.gov/vuln/detail/CVE-2012-5139 > txt/CVE-2012-5139.txt
CVE-2012-4342,curl https://nvd.nist.gov/vuln/detail/CVE-2012-4342 > txt/CVE-2012-4342.txt
CVE-2012-5103,curl https://nvd.nist.gov/vuln/detail/CVE-2012-5103 > txt/CVE-2012-5103.txt
CVE-2012-5128,curl https://nvd.nist.gov/vuln/detail/CVE-2012-5128 > txt/CVE-2012-5128.txt
CVE-2012-5210,curl https://nvd.nist.gov/vuln/detail/CVE-2012-5210 > txt/CVE-2012-5210.txt
CVE-2012-4663,curl https://nvd.nist.gov/vuln/detail/CVE-2012-4663 > txt/CVE-2012-4663.txt
CVE-2012-5153,curl https://nvd.nist.gov/vuln/detail/CVE-2012-5153 > txt/CVE-2012-5153.txt
CVE-2012-4453,curl https://nvd.nist.gov/vuln/detail/CVE-2012-4453 > txt/CVE-2012-4453.txt
CVE-2012-4571,curl https://nvd.nist.gov/vuln/detail/CVE-2012-4571 > txt/CVE-2012-4571.txt
CVE-2012-5429,curl https://nvd.nist.gov/vuln/detail/CVE-2012-5429 > txt/CVE-2012-5429.txt
CVE-2012-5051,curl https://nvd.nist.gov/vuln/detail/CVE-2012-5051 > txt/CVE-2012-5051.txt
CVE-2012-5477,curl https://nvd.nist.gov/vuln/detail/CVE-2012-5477 > txt/CVE-2012-5477.txt
CVE-2012-4862,curl https://nvd.nist.gov/vuln/detail/CVE-2012-4862 > txt/CVE-2012-4862.txt
CVE-2012-5312,curl https://nvd.nist.gov/vuln/detail/CVE-2012-5312 > txt/CVE-2012-5312.txt
CVE-2012-5296,curl https://nvd.nist.gov/vuln/detail/CVE-2012-5296 > txt/CVE-2012-5296.txt
CVE-2012-5073,curl https://nvd.nist.gov/vuln/detail/CVE-2012-5073 > txt/CVE-2012-5073.txt
CVE-2012-4830,curl https://nvd.nist.gov/vuln/detail/CVE-2012-4830 > txt/CVE-2012-4830.txt
CVE-2012-4878,curl https://nvd.nist.gov/vuln/detail/CVE-2012-4878 > txt/CVE-2012-4878.txt
CVE-2012-5086,curl https://nvd.nist.gov/vuln/detail/CVE-2012-5086 > txt/CVE-2012-5086.txt
CVE-2012-5939,curl https://nvd.nist.gov/vuln/detail/CVE-2012-5939 > txt/CVE-2012-5939.txt
CVE-2012-5183,curl https://nvd.nist.gov/vuln/detail/CVE-2012-5183 > txt/CVE-2012-5183.txt
CVE-2012-6054,curl https://nvd.nist.gov/vuln/detail/CVE-2012-6054 > txt/CVE-2012-6054.txt
CVE-2012-5610,curl https://nvd.nist.gov/vuln/detail/CVE-2012-5610 > txt/CVE-2012-5610.txt
CVE-2012-5937,curl https://nvd.nist.gov/vuln/detail/CVE-2012-5937 > txt/CVE-2012-5937.txt
CVE-2012-5801,curl https://nvd.nist.gov/vuln/detail/CVE-2012-5801 > txt/CVE-2012-5801.txt
CVE-2012-6513,curl https://nvd.nist.gov/vuln/detail/CVE-2012-6513 > txt/CVE-2012-6513.txt
CVE-2013-0179,curl https://nvd.nist.gov/vuln/detail/CVE-2013-0179 > txt/CVE-2013-0179.txt
CVE-2013-0251,curl https://nvd.nist.gov/vuln/detail/CVE-2013-0251 > txt/CVE-2013-0251.txt
CVE-2012-6434,curl https://nvd.nist.gov/vuln/detail/CVE-2012-6434 > txt/CVE-2012-6434.txt
CVE-2012-6270,curl https://nvd.nist.gov/vuln/detail/CVE-2012-6270 > txt/CVE-2012-6270.txt
CVE-2012-6630,curl https://nvd.nist.gov/vuln/detail/CVE-2012-6630 > txt/CVE-2012-6630.txt
CVE-2012-6605,curl https://nvd.nist.gov/vuln/detail/CVE-2012-6605 > txt/CVE-2012-6605.txt
CVE-2012-6579,curl https://nvd.nist.gov/vuln/detail/CVE-2012-6579 > txt/CVE-2012-6579.txt
CVE-2013-0400,curl https://nvd.nist.gov/vuln/detail/CVE-2013-0400 > txt/CVE-2013-0400.txt
CVE-2013-0080,curl https://nvd.nist.gov/vuln/detail/CVE-2013-0080 > txt/CVE-2013-0080.txt
CVE-2013-0090,curl https://nvd.nist.gov/vuln/detail/CVE-2013-0090 > txt/CVE-2013-0090.txt
CVE-2013-0462,curl https://nvd.nist.gov/vuln/detail/CVE-2013-0462 > txt/CVE-2013-0462.txt
CVE-2013-0268,curl https://nvd.nist.gov/vuln/detail/CVE-2013-0268 > txt/CVE-2013-0268.txt
CVE-2013-0217,curl https://nvd.nist.gov/vuln/detail/CVE-2013-0217 > txt/CVE-2013-0217.txt
CVE-2013-0720,curl https://nvd.nist.gov/vuln/detail/CVE-2013-0720 > txt/CVE-2013-0720.txt
CVE-2013-0512,curl https://nvd.nist.gov/vuln/detail/CVE-2013-0512 > txt/CVE-2013-0512.txt
CVE-2013-0416,curl https://nvd.nist.gov/vuln/detail/CVE-2013-0416 > txt/CVE-2013-0416.txt
CVE-2013-0714,curl https://nvd.nist.gov/vuln/detail/CVE-2013-0714 > txt/CVE-2013-0714.txt
CVE-2013-0928,curl https://nvd.nist.gov/vuln/detail/CVE-2013-0928 > txt/CVE-2013-0928.txt
CVE-2013-0666,curl https://nvd.nist.gov/vuln/detail/CVE-2013-0666 > txt/CVE-2013-0666.txt
CVE-2013-0947,curl https://nvd.nist.gov/vuln/detail/CVE-2013-0947 > txt/CVE-2013-0947.txt
CVE-2013-0782,curl https://nvd.nist.gov/vuln/detail/CVE-2013-0782 > txt/CVE-2013-0782.txt
CVE-2013-1028,curl https://nvd.nist.gov/vuln/detail/CVE-2013-1028 > txt/CVE-2013-1028.txt
CVE-2013-0900,curl https://nvd.nist.gov/vuln/detail/CVE-2013-0900 > txt/CVE-2013-0900.txt
CVE-2013-1102,curl https://nvd.nist.gov/vuln/detail/CVE-2013-1102 > txt/CVE-2013-1102.txt
CVE-2013-1024,curl https://nvd.nist.gov/vuln/detail/CVE-2013-1024 > txt/CVE-2013-1024.txt
CVE-2013-1316,curl https://nvd.nist.gov/vuln/detail/CVE-2013-1316 > txt/CVE-2013-1316.txt
CVE-2013-0941,curl https://nvd.nist.gov/vuln/detail/CVE-2013-0941 > txt/CVE-2013-0941.txt
CVE-2013-1113,curl https://nvd.nist.gov/vuln/detail/CVE-2013-1113 > txt/CVE-2013-1113.txt
CVE-2013-0971,curl https://nvd.nist.gov/vuln/detail/CVE-2013-0971 > txt/CVE-2013-0971.txt
CVE-2013-0930,curl https://nvd.nist.gov/vuln/detail/CVE-2013-0930 > txt/CVE-2013-0930.txt
CVE-2013-0902,curl https://nvd.nist.gov/vuln/detail/CVE-2013-0902 > txt/CVE-2013-0902.txt
CVE-2013-1497,curl https://nvd.nist.gov/vuln/detail/CVE-2013-1497 > txt/CVE-2013-1497.txt
CVE-2013-1002,curl https://nvd.nist.gov/vuln/detail/CVE-2013-1002 > txt/CVE-2013-1002.txt
CVE-2013-1317,curl https://nvd.nist.gov/vuln/detail/CVE-2013-1317 > txt/CVE-2013-1317.txt
CVE-2013-1012,curl https://nvd.nist.gov/vuln/detail/CVE-2013-1012 > txt/CVE-2013-1012.txt
CVE-2013-1762,curl https://nvd.nist.gov/vuln/detail/CVE-2013-1762 > txt/CVE-2013-1762.txt
CVE-2013-1471,curl https://nvd.nist.gov/vuln/detail/CVE-2013-1471 > txt/CVE-2013-1471.txt
CVE-2013-1112,curl https://nvd.nist.gov/vuln/detail/CVE-2013-1112 > txt/CVE-2013-1112.txt
CVE-2013-1720,curl https://nvd.nist.gov/vuln/detail/CVE-2013-1720 > txt/CVE-2013-1720.txt
CVE-2013-1899,curl https://nvd.nist.gov/vuln/detail/CVE-2013-1899 > txt/CVE-2013-1899.txt
CVE-2013-1549,curl https://nvd.nist.gov/vuln/detail/CVE-2013-1549 > txt/CVE-2013-1549.txt
CVE-2013-1864,curl https://nvd.nist.gov/vuln/detail/CVE-2013-1864 > txt/CVE-2013-1864.txt
CVE-2013-1553,curl https://nvd.nist.gov/vuln/detail/CVE-2013-1553 > txt/CVE-2013-1553.txt
CVE-2013-1859,curl https://nvd.nist.gov/vuln/detail/CVE-2013-1859 > txt/CVE-2013-1859.txt
CVE-2013-1639,curl https://nvd.nist.gov/vuln/detail/CVE-2013-1639 > txt/CVE-2013-1639.txt
CVE-2013-1650,curl https://nvd.nist.gov/vuln/detail/CVE-2013-1650 > txt/CVE-2013-1650.txt
CVE-2013-1989,curl https://nvd.nist.gov/vuln/detail/CVE-2013-1989 > txt/CVE-2013-1989.txt
CVE-2013-1847,curl https://nvd.nist.gov/vuln/detail/CVE-2013-1847 > txt/CVE-2013-1847.txt
CVE-2013-1770,curl https://nvd.nist.gov/vuln/detail/CVE-2013-1770 > txt/CVE-2013-1770.txt
CVE-2013-2217,curl https://nvd.nist.gov/vuln/detail/CVE-2013-2217 > txt/CVE-2013-2217.txt
CVE-2013-1979,curl https://nvd.nist.gov/vuln/detail/CVE-2013-1979 > txt/CVE-2013-1979.txt
CVE-2013-1842,curl https://nvd.nist.gov/vuln/detail/CVE-2013-1842 > txt/CVE-2013-1842.txt
CVE-2013-2254,curl https://nvd.nist.gov/vuln/detail/CVE-2013-2254 > txt/CVE-2013-2254.txt
CVE-2013-2564,curl https://nvd.nist.gov/vuln/detail/CVE-2013-2564 > txt/CVE-2013-2564.txt
CVE-2013-2395,curl https://nvd.nist.gov/vuln/detail/CVE-2013-2395 > txt/CVE-2013-2395.txt
CVE-2013-2786,curl https://nvd.nist.gov/vuln/detail/CVE-2013-2786 > txt/CVE-2013-2786.txt
CVE-2013-2417,curl https://nvd.nist.gov/vuln/detail/CVE-2013-2417 > txt/CVE-2013-2417.txt
CVE-2013-2872,curl https://nvd.nist.gov/vuln/detail/CVE-2013-2872 > txt/CVE-2013-2872.txt
CVE-2013-2708,curl https://nvd.nist.gov/vuln/detail/CVE-2013-2708 > txt/CVE-2013-2708.txt
CVE-2013-2705,curl https://nvd.nist.gov/vuln/detail/CVE-2013-2705 > txt/CVE-2013-2705.txt
CVE-2013-3028,curl https://nvd.nist.gov/vuln/detail/CVE-2013-3028 > txt/CVE-2013-3028.txt
CVE-2013-3155,curl https://nvd.nist.gov/vuln/detail/CVE-2013-3155 > txt/CVE-2013-3155.txt
CVE-2013-2731,curl https://nvd.nist.gov/vuln/detail/CVE-2013-2731 > txt/CVE-2013-2731.txt
CVE-2013-2970,curl https://nvd.nist.gov/vuln/detail/CVE-2013-2970 > txt/CVE-2013-2970.txt
CVE-2013-2701,curl https://nvd.nist.gov/vuln/detail/CVE-2013-2701 > txt/CVE-2013-2701.txt
CVE-2013-3063,curl https://nvd.nist.gov/vuln/detail/CVE-2013-3063 > txt/CVE-2013-3063.txt
CVE-2013-3076,curl https://nvd.nist.gov/vuln/detail/CVE-2013-3076 > txt/CVE-2013-3076.txt
CVE-2013-3382,curl https://nvd.nist.gov/vuln/detail/CVE-2013-3382 > txt/CVE-2013-3382.txt
CVE-2013-3757,curl https://nvd.nist.gov/vuln/detail/CVE-2013-3757 > txt/CVE-2013-3757.txt
CVE-2013-3304,curl https://nvd.nist.gov/vuln/detail/CVE-2013-3304 > txt/CVE-2013-3304.txt
CVE-2013-3754,curl https://nvd.nist.gov/vuln/detail/CVE-2013-3754 > txt/CVE-2013-3754.txt
CVE-2013-3113,curl https://nvd.nist.gov/vuln/detail/CVE-2013-3113 > txt/CVE-2013-3113.txt
CVE-2013-3442,curl https://nvd.nist.gov/vuln/detail/CVE-2013-3442 > txt/CVE-2013-3442.txt
CVE-2013-3341,curl https://nvd.nist.gov/vuln/detail/CVE-2013-3341 > txt/CVE-2013-3341.txt
CVE-2013-3459,curl https://nvd.nist.gov/vuln/detail/CVE-2013-3459 > txt/CVE-2013-3459.txt
CVE-2013-3360,curl https://nvd.nist.gov/vuln/detail/CVE-2013-3360 > txt/CVE-2013-3360.txt
CVE-2013-3278,curl https://nvd.nist.gov/vuln/detail/CVE-2013-3278 > txt/CVE-2013-3278.txt
CVE-2013-3989,curl https://nvd.nist.gov/vuln/detail/CVE-2013-3989 > txt/CVE-2013-3989.txt
CVE-2013-3500,curl https://nvd.nist.gov/vuln/detail/CVE-2013-3500 > txt/CVE-2013-3500.txt
CVE-2013-3525,curl https://nvd.nist.gov/vuln/detail/CVE-2013-3525 > txt/CVE-2013-3525.txt
CVE-2013-3829,curl https://nvd.nist.gov/vuln/detail/CVE-2013-3829 > txt/CVE-2013-3829.txt
CVE-2013-3971,curl https://nvd.nist.gov/vuln/detail/CVE-2013-3971 > txt/CVE-2013-3971.txt
CVE-2013-4014,curl https://nvd.nist.gov/vuln/detail/CVE-2013-4014 > txt/CVE-2013-4014.txt
CVE-2013-3969,curl https://nvd.nist.gov/vuln/detail/CVE-2013-3969 > txt/CVE-2013-3969.txt
CVE-2013-4083,curl https://nvd.nist.gov/vuln/detail/CVE-2013-4083 > txt/CVE-2013-4083.txt
CVE-2013-3900,curl https://nvd.nist.gov/vuln/detail/CVE-2013-3900 > txt/CVE-2013-3900.txt
CVE-2013-4553,curl https://nvd.nist.gov/vuln/detail/CVE-2013-4553 > txt/CVE-2013-4553.txt
CVE-2013-4595,curl https://nvd.nist.gov/vuln/detail/CVE-2013-4595 > txt/CVE-2013-4595.txt
CVE-2013-4359,curl https://nvd.nist.gov/vuln/detail/CVE-2013-4359 > txt/CVE-2013-4359.txt
CVE-2013-4581,curl https://nvd.nist.gov/vuln/detail/CVE-2013-4581 > txt/CVE-2013-4581.txt
CVE-2013-4298,curl https://nvd.nist.gov/vuln/detail/CVE-2013-4298 > txt/CVE-2013-4298.txt
CVE-2013-4635,curl https://nvd.nist.gov/vuln/detail/CVE-2013-4635 > txt/CVE-2013-4635.txt
CVE-2013-4350,curl https://nvd.nist.gov/vuln/detail/CVE-2013-4350 > txt/CVE-2013-4350.txt
CVE-2013-4814,curl https://nvd.nist.gov/vuln/detail/CVE-2013-4814 > txt/CVE-2013-4814.txt
CVE-2013-4300,curl https://nvd.nist.gov/vuln/detail/CVE-2013-4300 > txt/CVE-2013-4300.txt
CVE-2013-4707,curl https://nvd.nist.gov/vuln/detail/CVE-2013-4707 > txt/CVE-2013-4707.txt
CVE-2013-4998,curl https://nvd.nist.gov/vuln/detail/CVE-2013-4998 > txt/CVE-2013-4998.txt
CVE-2013-4389,curl https://nvd.nist.gov/vuln/detail/CVE-2013-4389 > txt/CVE-2013-4389.txt
CVE-2013-4841,curl https://nvd.nist.gov/vuln/detail/CVE-2013-4841 > txt/CVE-2013-4841.txt
CVE-2013-5099,curl https://nvd.nist.gov/vuln/detail/CVE-2013-5099 > txt/CVE-2013-5099.txt
CVE-2013-4744,curl https://nvd.nist.gov/vuln/detail/CVE-2013-4744 > txt/CVE-2013-4744.txt
CVE-2013-5029,curl https://nvd.nist.gov/vuln/detail/CVE-2013-5029 > txt/CVE-2013-5029.txt
CVE-2013-4703,curl https://nvd.nist.gov/vuln/detail/CVE-2013-4703 > txt/CVE-2013-4703.txt
CVE-2013-4681,curl https://nvd.nist.gov/vuln/detail/CVE-2013-4681 > txt/CVE-2013-4681.txt
CVE-2013-5023,curl https://nvd.nist.gov/vuln/detail/CVE-2013-5023 > txt/CVE-2013-5023.txt
CVE-2013-4819,curl https://nvd.nist.gov/vuln/detail/CVE-2013-4819 > txt/CVE-2013-4819.txt
CVE-2013-4807,curl https://nvd.nist.gov/vuln/detail/CVE-2013-4807 > txt/CVE-2013-4807.txt
CVE-2013-4984,curl https://nvd.nist.gov/vuln/detail/CVE-2013-4984 > txt/CVE-2013-4984.txt
CVE-2013-5208,curl https://nvd.nist.gov/vuln/detail/CVE-2013-5208 > txt/CVE-2013-5208.txt
CVE-2013-4964,curl https://nvd.nist.gov/vuln/detail/CVE-2013-4964 > txt/CVE-2013-4964.txt
CVE-2013-4799,curl https://nvd.nist.gov/vuln/detail/CVE-2013-4799 > txt/CVE-2013-4799.txt
CVE-2013-4673,curl https://nvd.nist.gov/vuln/detail/CVE-2013-4673 > txt/CVE-2013-4673.txt
CVE-2013-4806,curl https://nvd.nist.gov/vuln/detail/CVE-2013-4806 > txt/CVE-2013-4806.txt
CVE-2013-4838,curl https://nvd.nist.gov/vuln/detail/CVE-2013-4838 > txt/CVE-2013-4838.txt
CVE-2013-5430,curl https://nvd.nist.gov/vuln/detail/CVE-2013-5430 > txt/CVE-2013-5430.txt
CVE-2013-5038,curl https://nvd.nist.gov/vuln/detail/CVE-2013-5038 > txt/CVE-2013-5038.txt
CVE-2013-5420,curl https://nvd.nist.gov/vuln/detail/CVE-2013-5420 > txt/CVE-2013-5420.txt
CVE-2013-5465,curl https://nvd.nist.gov/vuln/detail/CVE-2013-5465 > txt/CVE-2013-5465.txt
CVE-2013-5371,curl https://nvd.nist.gov/vuln/detail/CVE-2013-5371 > txt/CVE-2013-5371.txt
CVE-2013-5504,curl https://nvd.nist.gov/vuln/detail/CVE-2013-5504 > txt/CVE-2013-5504.txt
CVE-2013-5888,curl https://nvd.nist.gov/vuln/detail/CVE-2013-5888 > txt/CVE-2013-5888.txt
CVE-2013-6174,curl https://nvd.nist.gov/vuln/detail/CVE-2013-6174 > txt/CVE-2013-6174.txt
CVE-2013-5827,curl https://nvd.nist.gov/vuln/detail/CVE-2013-5827 > txt/CVE-2013-5827.txt
CVE-2013-5789,curl https://nvd.nist.gov/vuln/detail/CVE-2013-5789 > txt/CVE-2013-5789.txt
CVE-2013-6368,curl https://nvd.nist.gov/vuln/detail/CVE-2013-6368 > txt/CVE-2013-6368.txt
CVE-2013-5970,curl https://nvd.nist.gov/vuln/detail/CVE-2013-5970 > txt/CVE-2013-5970.txt
CVE-2013-5973,curl https://nvd.nist.gov/vuln/detail/CVE-2013-5973 > txt/CVE-2013-5973.txt
CVE-2013-6023,curl https://nvd.nist.gov/vuln/detail/CVE-2013-6023 > txt/CVE-2013-6023.txt
CVE-2013-5764,curl https://nvd.nist.gov/vuln/detail/CVE-2013-5764 > txt/CVE-2013-5764.txt
CVE-2013-6472,curl https://nvd.nist.gov/vuln/detail/CVE-2013-6472 > txt/CVE-2013-6472.txt
CVE-2013-6127,curl https://nvd.nist.gov/vuln/detail/CVE-2013-6127 > txt/CVE-2013-6127.txt
CVE-2013-6325,curl https://nvd.nist.gov/vuln/detail/CVE-2013-6325 > txt/CVE-2013-6325.txt
CVE-2013-6939,curl https://nvd.nist.gov/vuln/detail/CVE-2013-6939 > txt/CVE-2013-6939.txt
CVE-2013-6698,curl https://nvd.nist.gov/vuln/detail/CVE-2013-6698 > txt/CVE-2013-6698.txt
CVE-2013-6732,curl https://nvd.nist.gov/vuln/detail/CVE-2013-6732 > txt/CVE-2013-6732.txt
CVE-2013-6703,curl https://nvd.nist.gov/vuln/detail/CVE-2013-6703 > txt/CVE-2013-6703.txt
CVE-2013-6780,curl https://nvd.nist.gov/vuln/detail/CVE-2013-6780 > txt/CVE-2013-6780.txt
CVE-2013-7020,curl https://nvd.nist.gov/vuln/detail/CVE-2013-7020 > txt/CVE-2013-7020.txt
CVE-2013-6839,curl https://nvd.nist.gov/vuln/detail/CVE-2013-6839 > txt/CVE-2013-6839.txt
CVE-2013-6738,curl https://nvd.nist.gov/vuln/detail/CVE-2013-6738 > txt/CVE-2013-6738.txt
CVE-2013-6883,curl https://nvd.nist.gov/vuln/detail/CVE-2013-6883 > txt/CVE-2013-6883.txt
CVE-2013-7095,curl https://nvd.nist.gov/vuln/detail/CVE-2013-7095 > txt/CVE-2013-7095.txt
CVE-2014-0038,curl https://nvd.nist.gov/vuln/detail/CVE-2014-0038 > txt/CVE-2014-0038.txt
CVE-2013-6968,curl https://nvd.nist.gov/vuln/detail/CVE-2013-6968 > txt/CVE-2013-6968.txt
CVE-2013-7243,curl https://nvd.nist.gov/vuln/detail/CVE-2013-7243 > txt/CVE-2013-7243.txt
CVE-2014-0135,curl https://nvd.nist.gov/vuln/detail/CVE-2014-0135 > txt/CVE-2014-0135.txt
CVE-2014-0126,curl https://nvd.nist.gov/vuln/detail/CVE-2014-0126 > txt/CVE-2014-0126.txt
CVE-2014-0119,curl https://nvd.nist.gov/vuln/detail/CVE-2014-0119 > txt/CVE-2014-0119.txt
CVE-2014-0209,curl https://nvd.nist.gov/vuln/detail/CVE-2014-0209 > txt/CVE-2014-0209.txt
CVE-2014-0274,curl https://nvd.nist.gov/vuln/detail/CVE-2014-0274 > txt/CVE-2014-0274.txt
CVE-2014-0273,curl https://nvd.nist.gov/vuln/detail/CVE-2014-0273 > txt/CVE-2014-0273.txt
CVE-2013-7235,curl https://nvd.nist.gov/vuln/detail/CVE-2013-7235 > txt/CVE-2013-7235.txt
CVE-2014-0063,curl https://nvd.nist.gov/vuln/detail/CVE-2014-0063 > txt/CVE-2014-0063.txt
CVE-2014-0201,curl https://nvd.nist.gov/vuln/detail/CVE-2014-0201 > txt/CVE-2014-0201.txt
CVE-2014-0306,curl https://nvd.nist.gov/vuln/detail/CVE-2014-0306 > txt/CVE-2014-0306.txt
CVE-2014-0329,curl https://nvd.nist.gov/vuln/detail/CVE-2014-0329 > txt/CVE-2014-0329.txt
CVE-2014-0317,curl https://nvd.nist.gov/vuln/detail/CVE-2014-0317 > txt/CVE-2014-0317.txt
CVE-2014-0382,curl https://nvd.nist.gov/vuln/detail/CVE-2014-0382 > txt/CVE-2014-0382.txt
CVE-2014-0443,curl https://nvd.nist.gov/vuln/detail/CVE-2014-0443 > txt/CVE-2014-0443.txt
CVE-2014-0537,curl https://nvd.nist.gov/vuln/detail/CVE-2014-0537 > txt/CVE-2014-0537.txt
CVE-2014-0324,curl https://nvd.nist.gov/vuln/detail/CVE-2014-0324 > txt/CVE-2014-0324.txt
CVE-2014-0733,curl https://nvd.nist.gov/vuln/detail/CVE-2014-0733 > txt/CVE-2014-0733.txt
CVE-2014-0831,curl https://nvd.nist.gov/vuln/detail/CVE-2014-0831 > txt/CVE-2014-0831.txt
CVE-2014-0829,curl https://nvd.nist.gov/vuln/detail/CVE-2014-0829 > txt/CVE-2014-0829.txt
CVE-2014-0794,curl https://nvd.nist.gov/vuln/detail/CVE-2014-0794 > txt/CVE-2014-0794.txt
CVE-2014-10022,curl https://nvd.nist.gov/vuln/detail/CVE-2014-10022 > txt/CVE-2014-10022.txt
CVE-2014-1359,curl https://nvd.nist.gov/vuln/detail/CVE-2014-1359 > txt/CVE-2014-1359.txt
CVE-2014-1254,curl https://nvd.nist.gov/vuln/detail/CVE-2014-1254 > txt/CVE-2014-1254.txt
CVE-2014-1313,curl https://nvd.nist.gov/vuln/detail/CVE-2014-1313 > txt/CVE-2014-1313.txt
CVE-2014-100032,curl https://nvd.nist.gov/vuln/detail/CVE-2014-100032 > txt/CVE-2014-100032.txt
CVE-2014-1547,curl https://nvd.nist.gov/vuln/detail/CVE-2014-1547 > txt/CVE-2014-1547.txt
CVE-2014-0935,curl https://nvd.nist.gov/vuln/detail/CVE-2014-0935 > txt/CVE-2014-0935.txt
CVE-2014-1556,curl https://nvd.nist.gov/vuln/detail/CVE-2014-1556 > txt/CVE-2014-1556.txt
CVE-2014-1425,curl https://nvd.nist.gov/vuln/detail/CVE-2014-1425 > txt/CVE-2014-1425.txt
CVE-2014-1720,curl https://nvd.nist.gov/vuln/detail/CVE-2014-1720 > txt/CVE-2014-1720.txt
CVE-2014-1569,curl https://nvd.nist.gov/vuln/detail/CVE-2014-1569 > txt/CVE-2014-1569.txt
CVE-2014-1808,curl https://nvd.nist.gov/vuln/detail/CVE-2014-1808 > txt/CVE-2014-1808.txt
CVE-2014-1753,curl https://nvd.nist.gov/vuln/detail/CVE-2014-1753 > txt/CVE-2014-1753.txt
CVE-2014-1699,curl https://nvd.nist.gov/vuln/detail/CVE-2014-1699 > txt/CVE-2014-1699.txt
CVE-2014-2067,curl https://nvd.nist.gov/vuln/detail/CVE-2014-2067 > txt/CVE-2014-2067.txt
CVE-2014-2154,curl https://nvd.nist.gov/vuln/detail/CVE-2014-2154 > txt/CVE-2014-2154.txt
CVE-2014-2193,curl https://nvd.nist.gov/vuln/detail/CVE-2014-2193 > txt/CVE-2014-2193.txt
CVE-2014-1977,curl https://nvd.nist.gov/vuln/detail/CVE-2014-1977 > txt/CVE-2014-1977.txt
CVE-2014-2511,curl https://nvd.nist.gov/vuln/detail/CVE-2014-2511 > txt/CVE-2014-2511.txt
CVE-2014-2289,curl https://nvd.nist.gov/vuln/detail/CVE-2014-2289 > txt/CVE-2014-2289.txt
CVE-2014-2327,curl https://nvd.nist.gov/vuln/detail/CVE-2014-2327 > txt/CVE-2014-2327.txt
CVE-2014-2589,curl https://nvd.nist.gov/vuln/detail/CVE-2014-2589 > txt/CVE-2014-2589.txt
CVE-2014-2366,curl https://nvd.nist.gov/vuln/detail/CVE-2014-2366 > txt/CVE-2014-2366.txt
CVE-2014-2127,curl https://nvd.nist.gov/vuln/detail/CVE-2014-2127 > txt/CVE-2014-2127.txt
CVE-2014-2488,curl https://nvd.nist.gov/vuln/detail/CVE-2014-2488 > txt/CVE-2014-2488.txt
CVE-2014-2383,curl https://nvd.nist.gov/vuln/detail/CVE-2014-2383 > txt/CVE-2014-2383.txt
CVE-2014-2708,curl https://nvd.nist.gov/vuln/detail/CVE-2014-2708 > txt/CVE-2014-2708.txt
CVE-2014-2753,curl https://nvd.nist.gov/vuln/detail/CVE-2014-2753 > txt/CVE-2014-2753.txt
CVE-2014-2625,curl https://nvd.nist.gov/vuln/detail/CVE-2014-2625 > txt/CVE-2014-2625.txt
CVE-2014-2513,curl https://nvd.nist.gov/vuln/detail/CVE-2014-2513 > txt/CVE-2014-2513.txt
CVE-2014-2435,curl https://nvd.nist.gov/vuln/detail/CVE-2014-2435 > txt/CVE-2014-2435.txt
CVE-2014-2856,curl https://nvd.nist.gov/vuln/detail/CVE-2014-2856 > txt/CVE-2014-2856.txt
CVE-2014-2507,curl https://nvd.nist.gov/vuln/detail/CVE-2014-2507 > txt/CVE-2014-2507.txt
CVE-2014-2882,curl https://nvd.nist.gov/vuln/detail/CVE-2014-2882 > txt/CVE-2014-2882.txt
CVE-2014-2730,curl https://nvd.nist.gov/vuln/detail/CVE-2014-2730 > txt/CVE-2014-2730.txt
CVE-2014-3022,curl https://nvd.nist.gov/vuln/detail/CVE-2014-3022 > txt/CVE-2014-3022.txt
CVE-2014-2789,curl https://nvd.nist.gov/vuln/detail/CVE-2014-2789 > txt/CVE-2014-2789.txt
CVE-2014-2640,curl https://nvd.nist.gov/vuln/detail/CVE-2014-2640 > txt/CVE-2014-2640.txt
CVE-2014-3050,curl https://nvd.nist.gov/vuln/detail/CVE-2014-3050 > txt/CVE-2014-3050.txt
CVE-2014-2935,curl https://nvd.nist.gov/vuln/detail/CVE-2014-2935 > txt/CVE-2014-2935.txt
CVE-2014-3335,curl https://nvd.nist.gov/vuln/detail/CVE-2014-3335 > txt/CVE-2014-3335.txt
CVE-2014-3157,curl https://nvd.nist.gov/vuln/detail/CVE-2014-3157 > txt/CVE-2014-3157.txt
CVE-2014-3460,curl https://nvd.nist.gov/vuln/detail/CVE-2014-3460 > txt/CVE-2014-3460.txt
CVE-2014-3316,curl https://nvd.nist.gov/vuln/detail/CVE-2014-3316 > txt/CVE-2014-3316.txt
CVE-2014-3084,curl https://nvd.nist.gov/vuln/detail/CVE-2014-3084 > txt/CVE-2014-3084.txt
CVE-2014-3468,curl https://nvd.nist.gov/vuln/detail/CVE-2014-3468 > txt/CVE-2014-3468.txt
CVE-2014-3750,curl https://nvd.nist.gov/vuln/detail/CVE-2014-3750 > txt/CVE-2014-3750.txt
CVE-2014-3409,curl https://nvd.nist.gov/vuln/detail/CVE-2014-3409 > txt/CVE-2014-3409.txt
CVE-2014-3515,curl https://nvd.nist.gov/vuln/detail/CVE-2014-3515 > txt/CVE-2014-3515.txt
CVE-2014-3976,curl https://nvd.nist.gov/vuln/detail/CVE-2014-3976 > txt/CVE-2014-3976.txt
CVE-2014-3533,curl https://nvd.nist.gov/vuln/detail/CVE-2014-3533 > txt/CVE-2014-3533.txt
CVE-2014-3818,curl https://nvd.nist.gov/vuln/detail/CVE-2014-3818 > txt/CVE-2014-3818.txt
CVE-2014-3961,curl https://nvd.nist.gov/vuln/detail/CVE-2014-3961 > txt/CVE-2014-3961.txt
CVE-2014-4020,curl https://nvd.nist.gov/vuln/detail/CVE-2014-4020 > txt/CVE-2014-4020.txt
CVE-2014-3613,curl https://nvd.nist.gov/vuln/detail/CVE-2014-3613 > txt/CVE-2014-3613.txt
CVE-2014-3880,curl https://nvd.nist.gov/vuln/detail/CVE-2014-3880 > txt/CVE-2014-3880.txt
CVE-2014-4152,curl https://nvd.nist.gov/vuln/detail/CVE-2014-4152 > txt/CVE-2014-4152.txt
CVE-2014-4037,curl https://nvd.nist.gov/vuln/detail/CVE-2014-4037 > txt/CVE-2014-4037.txt
CVE-2014-4071,curl https://nvd.nist.gov/vuln/detail/CVE-2014-4071 > txt/CVE-2014-4071.txt
CVE-2014-4075,curl https://nvd.nist.gov/vuln/detail/CVE-2014-4075 > txt/CVE-2014-4075.txt
CVE-2014-4264,curl https://nvd.nist.gov/vuln/detail/CVE-2014-4264 > txt/CVE-2014-4264.txt
CVE-2014-4501,curl https://nvd.nist.gov/vuln/detail/CVE-2014-4501 > txt/CVE-2014-4501.txt
CVE-2014-4479,curl https://nvd.nist.gov/vuln/detail/CVE-2014-4479 > txt/CVE-2014-4479.txt
CVE-2014-4656,curl https://nvd.nist.gov/vuln/detail/CVE-2014-4656 > txt/CVE-2014-4656.txt
CVE-2014-4699,curl https://nvd.nist.gov/vuln/detail/CVE-2014-4699 > txt/CVE-2014-4699.txt
CVE-2014-4756,curl https://nvd.nist.gov/vuln/detail/CVE-2014-4756 > txt/CVE-2014-4756.txt
CVE-2014-4585,curl https://nvd.nist.gov/vuln/detail/CVE-2014-4585 > txt/CVE-2014-4585.txt
CVE-2014-4436,curl https://nvd.nist.gov/vuln/detail/CVE-2014-4436 > txt/CVE-2014-4436.txt
CVE-2014-4593,curl https://nvd.nist.gov/vuln/detail/CVE-2014-4593 > txt/CVE-2014-4593.txt
CVE-2014-4870,curl https://nvd.nist.gov/vuln/detail/CVE-2014-4870 > txt/CVE-2014-4870.txt
CVE-2014-4830,curl https://nvd.nist.gov/vuln/detail/CVE-2014-4830 > txt/CVE-2014-4830.txt
CVE-2014-4884,curl https://nvd.nist.gov/vuln/detail/CVE-2014-4884 > txt/CVE-2014-4884.txt
CVE-2014-5021,curl https://nvd.nist.gov/vuln/detail/CVE-2014-5021 > txt/CVE-2014-5021.txt
CVE-2014-4864,curl https://nvd.nist.gov/vuln/detail/CVE-2014-4864 > txt/CVE-2014-4864.txt
CVE-2014-4849,curl https://nvd.nist.gov/vuln/detail/CVE-2014-4849 > txt/CVE-2014-4849.txt
CVE-2014-5341,curl https://nvd.nist.gov/vuln/detail/CVE-2014-5341 > txt/CVE-2014-5341.txt
CVE-2014-4820,curl https://nvd.nist.gov/vuln/detail/CVE-2014-4820 > txt/CVE-2014-4820.txt
CVE-2014-4976,curl https://nvd.nist.gov/vuln/detail/CVE-2014-4976 > txt/CVE-2014-4976.txt
CVE-2014-5261,curl https://nvd.nist.gov/vuln/detail/CVE-2014-5261 > txt/CVE-2014-5261.txt
CVE-2014-5419,curl https://nvd.nist.gov/vuln/detail/CVE-2014-5419 > txt/CVE-2014-5419.txt
CVE-2014-5339,curl https://nvd.nist.gov/vuln/detail/CVE-2014-5339 > txt/CVE-2014-5339.txt
CVE-2014-4899,curl https://nvd.nist.gov/vuln/detail/CVE-2014-4899 > txt/CVE-2014-4899.txt
CVE-2014-5571,curl https://nvd.nist.gov/vuln/detail/CVE-2014-5571 > txt/CVE-2014-5571.txt
CVE-2014-5452,curl https://nvd.nist.gov/vuln/detail/CVE-2014-5452 > txt/CVE-2014-5452.txt
CVE-2014-5421,curl https://nvd.nist.gov/vuln/detail/CVE-2014-5421 > txt/CVE-2014-5421.txt
CVE-2014-5799,curl https://nvd.nist.gov/vuln/detail/CVE-2014-5799 > txt/CVE-2014-5799.txt
CVE-2014-5579,curl https://nvd.nist.gov/vuln/detail/CVE-2014-5579 > txt/CVE-2014-5579.txt
CVE-2014-5563,curl https://nvd.nist.gov/vuln/detail/CVE-2014-5563 > txt/CVE-2014-5563.txt
CVE-2014-5744,curl https://nvd.nist.gov/vuln/detail/CVE-2014-5744 > txt/CVE-2014-5744.txt
CVE-2014-5645,curl https://nvd.nist.gov/vuln/detail/CVE-2014-5645 > txt/CVE-2014-5645.txt
CVE-2014-5873,curl https://nvd.nist.gov/vuln/detail/CVE-2014-5873 > txt/CVE-2014-5873.txt
CVE-2014-5458,curl https://nvd.nist.gov/vuln/detail/CVE-2014-5458 > txt/CVE-2014-5458.txt
CVE-2014-5657,curl https://nvd.nist.gov/vuln/detail/CVE-2014-5657 > txt/CVE-2014-5657.txt
CVE-2014-5837,curl https://nvd.nist.gov/vuln/detail/CVE-2014-5837 > txt/CVE-2014-5837.txt
CVE-2014-6021,curl https://nvd.nist.gov/vuln/detail/CVE-2014-6021 > txt/CVE-2014-6021.txt
CVE-2014-5735,curl https://nvd.nist.gov/vuln/detail/CVE-2014-5735 > txt/CVE-2014-5735.txt
CVE-2014-5958,curl https://nvd.nist.gov/vuln/detail/CVE-2014-5958 > txt/CVE-2014-5958.txt
CVE-2014-5940,curl https://nvd.nist.gov/vuln/detail/CVE-2014-5940 > txt/CVE-2014-5940.txt
CVE-2014-5845,curl https://nvd.nist.gov/vuln/detail/CVE-2014-5845 > txt/CVE-2014-5845.txt
CVE-2014-6019,curl https://nvd.nist.gov/vuln/detail/CVE-2014-6019 > txt/CVE-2014-6019.txt
CVE-2014-6155,curl https://nvd.nist.gov/vuln/detail/CVE-2014-6155 > txt/CVE-2014-6155.txt
CVE-2014-6694,curl https://nvd.nist.gov/vuln/detail/CVE-2014-6694 > txt/CVE-2014-6694.txt
CVE-2014-6531,curl https://nvd.nist.gov/vuln/detail/CVE-2014-6531 > txt/CVE-2014-6531.txt
CVE-2014-6377,curl https://nvd.nist.gov/vuln/detail/CVE-2014-6377 > txt/CVE-2014-6377.txt
CVE-2014-6468,curl https://nvd.nist.gov/vuln/detail/CVE-2014-6468 > txt/CVE-2014-6468.txt
CVE-2014-6677,curl https://nvd.nist.gov/vuln/detail/CVE-2014-6677 > txt/CVE-2014-6677.txt
CVE-2014-6521,curl https://nvd.nist.gov/vuln/detail/CVE-2014-6521 > txt/CVE-2014-6521.txt
CVE-2014-6716,curl https://nvd.nist.gov/vuln/detail/CVE-2014-6716 > txt/CVE-2014-6716.txt
CVE-2014-6796,curl https://nvd.nist.gov/vuln/detail/CVE-2014-6796 > txt/CVE-2014-6796.txt
CVE-2014-6731,curl https://nvd.nist.gov/vuln/detail/CVE-2014-6731 > txt/CVE-2014-6731.txt
CVE-2014-6857,curl https://nvd.nist.gov/vuln/detail/CVE-2014-6857 > txt/CVE-2014-6857.txt
CVE-2014-6840,curl https://nvd.nist.gov/vuln/detail/CVE-2014-6840 > txt/CVE-2014-6840.txt
CVE-2014-6743,curl https://nvd.nist.gov/vuln/detail/CVE-2014-6743 > txt/CVE-2014-6743.txt
CVE-2014-6782,curl https://nvd.nist.gov/vuln/detail/CVE-2014-6782 > txt/CVE-2014-6782.txt
CVE-2014-7233,curl https://nvd.nist.gov/vuln/detail/CVE-2014-7233 > txt/CVE-2014-7233.txt
CVE-2014-7285,curl https://nvd.nist.gov/vuln/detail/CVE-2014-7285 > txt/CVE-2014-7285.txt
CVE-2014-7120,curl https://nvd.nist.gov/vuln/detail/CVE-2014-7120 > txt/CVE-2014-7120.txt
CVE-2014-7428,curl https://nvd.nist.gov/vuln/detail/CVE-2014-7428 > txt/CVE-2014-7428.txt
CVE-2014-7289,curl https://nvd.nist.gov/vuln/detail/CVE-2014-7289 > txt/CVE-2014-7289.txt
CVE-2014-7247,curl https://nvd.nist.gov/vuln/detail/CVE-2014-7247 > txt/CVE-2014-7247.txt
CVE-2014-7258,curl https://nvd.nist.gov/vuln/detail/CVE-2014-7258 > txt/CVE-2014-7258.txt
CVE-2014-7502,curl https://nvd.nist.gov/vuln/detail/CVE-2014-7502 > txt/CVE-2014-7502.txt
CVE-2014-7275,curl https://nvd.nist.gov/vuln/detail/CVE-2014-7275 > txt/CVE-2014-7275.txt
CVE-2014-7605,curl https://nvd.nist.gov/vuln/detail/CVE-2014-7605 > txt/CVE-2014-7605.txt
CVE-2014-7781,curl https://nvd.nist.gov/vuln/detail/CVE-2014-7781 > txt/CVE-2014-7781.txt
CVE-2014-7768,curl https://nvd.nist.gov/vuln/detail/CVE-2014-7768 > txt/CVE-2014-7768.txt
CVE-2014-7690,curl https://nvd.nist.gov/vuln/detail/CVE-2014-7690 > txt/CVE-2014-7690.txt
CVE-2014-7532,curl https://nvd.nist.gov/vuln/detail/CVE-2014-7532 > txt/CVE-2014-7532.txt
CVE-2014-7872,curl https://nvd.nist.gov/vuln/detail/CVE-2014-7872 > txt/CVE-2014-7872.txt
CVE-2014-8104,curl https://nvd.nist.gov/vuln/detail/CVE-2014-8104 > txt/CVE-2014-8104.txt
CVE-2014-8070,curl https://nvd.nist.gov/vuln/detail/CVE-2014-8070 > txt/CVE-2014-8070.txt
CVE-2014-8312,curl https://nvd.nist.gov/vuln/detail/CVE-2014-8312 > txt/CVE-2014-8312.txt
CVE-2014-8308,curl https://nvd.nist.gov/vuln/detail/CVE-2014-8308 > txt/CVE-2014-8308.txt
CVE-2014-8311,curl https://nvd.nist.gov/vuln/detail/CVE-2014-8311 > txt/CVE-2014-8311.txt
CVE-2014-8309,curl https://nvd.nist.gov/vuln/detail/CVE-2014-8309 > txt/CVE-2014-8309.txt
CVE-2014-8418,curl https://nvd.nist.gov/vuln/detail/CVE-2014-8418 > txt/CVE-2014-8418.txt
CVE-2014-8449,curl https://nvd.nist.gov/vuln/detail/CVE-2014-8449 > txt/CVE-2014-8449.txt
CVE-2014-8548,curl https://nvd.nist.gov/vuln/detail/CVE-2014-8548 > txt/CVE-2014-8548.txt
CVE-2014-8151,curl https://nvd.nist.gov/vuln/detail/CVE-2014-8151 > txt/CVE-2014-8151.txt
CVE-2014-8498,curl https://nvd.nist.gov/vuln/detail/CVE-2014-8498 > txt/CVE-2014-8498.txt
CVE-2014-8988,curl https://nvd.nist.gov/vuln/detail/CVE-2014-8988 > txt/CVE-2014-8988.txt
CVE-2014-8987,curl https://nvd.nist.gov/vuln/detail/CVE-2014-8987 > txt/CVE-2014-8987.txt
CVE-2014-9344,curl https://nvd.nist.gov/vuln/detail/CVE-2014-9344 > txt/CVE-2014-9344.txt
CVE-2014-9029,curl https://nvd.nist.gov/vuln/detail/CVE-2014-9029 > txt/CVE-2014-9029.txt
CVE-2014-9043,curl https://nvd.nist.gov/vuln/detail/CVE-2014-9043 > txt/CVE-2014-9043.txt
CVE-2014-9279,curl https://nvd.nist.gov/vuln/detail/CVE-2014-9279 > txt/CVE-2014-9279.txt
CVE-2014-9604,curl https://nvd.nist.gov/vuln/detail/CVE-2014-9604 > txt/CVE-2014-9604.txt
CVE-2014-9198,curl https://nvd.nist.gov/vuln/detail/CVE-2014-9198 > txt/CVE-2014-9198.txt
CVE-2014-9754,curl https://nvd.nist.gov/vuln/detail/CVE-2014-9754 > txt/CVE-2014-9754.txt
CVE-2014-9605,curl https://nvd.nist.gov/vuln/detail/CVE-2014-9605 > txt/CVE-2014-9605.txt
CVE-2014-9718,curl https://nvd.nist.gov/vuln/detail/CVE-2014-9718 > txt/CVE-2014-9718.txt
CVE-2014-9639,curl https://nvd.nist.gov/vuln/detail/CVE-2014-9639 > txt/CVE-2014-9639.txt
CVE-2015-0061,curl https://nvd.nist.gov/vuln/detail/CVE-2015-0061 > txt/CVE-2015-0061.txt
CVE-2014-9763,curl https://nvd.nist.gov/vuln/detail/CVE-2014-9763 > txt/CVE-2014-9763.txt
CVE-2014-9768,curl https://nvd.nist.gov/vuln/detail/CVE-2014-9768 > txt/CVE-2014-9768.txt
CVE-2015-0253,curl https://nvd.nist.gov/vuln/detail/CVE-2015-0253 > txt/CVE-2015-0253.txt
CVE-2015-0063,curl https://nvd.nist.gov/vuln/detail/CVE-2015-0063 > txt/CVE-2015-0063.txt
CVE-2015-0135,curl https://nvd.nist.gov/vuln/detail/CVE-2015-0135 > txt/CVE-2015-0135.txt
CVE-2015-0351,curl https://nvd.nist.gov/vuln/detail/CVE-2015-0351 > txt/CVE-2015-0351.txt
CVE-2015-0393,curl https://nvd.nist.gov/vuln/detail/CVE-2015-0393 > txt/CVE-2015-0393.txt
CVE-2015-0384,curl https://nvd.nist.gov/vuln/detail/CVE-2015-0384 > txt/CVE-2015-0384.txt
CVE-2015-0299,curl https://nvd.nist.gov/vuln/detail/CVE-2015-0299 > txt/CVE-2015-0299.txt
CVE-2015-0359,curl https://nvd.nist.gov/vuln/detail/CVE-2015-0359 > txt/CVE-2015-0359.txt
CVE-2015-0379,curl https://nvd.nist.gov/vuln/detail/CVE-2015-0379 > txt/CVE-2015-0379.txt
CVE-2015-0589,curl https://nvd.nist.gov/vuln/detail/CVE-2015-0589 > txt/CVE-2015-0589.txt
CVE-2015-0445,curl https://nvd.nist.gov/vuln/detail/CVE-2015-0445 > txt/CVE-2015-0445.txt
CVE-2015-0602,curl https://nvd.nist.gov/vuln/detail/CVE-2015-0602 > txt/CVE-2015-0602.txt
CVE-2015-0766,curl https://nvd.nist.gov/vuln/detail/CVE-2015-0766 > txt/CVE-2015-0766.txt
CVE-2015-1094,curl https://nvd.nist.gov/vuln/detail/CVE-2015-1094 > txt/CVE-2015-1094.txt
CVE-2015-1061,curl https://nvd.nist.gov/vuln/detail/CVE-2015-1061 > txt/CVE-2015-1061.txt
CVE-2015-1149,curl https://nvd.nist.gov/vuln/detail/CVE-2015-1149 > txt/CVE-2015-1149.txt
CVE-2015-1321,curl https://nvd.nist.gov/vuln/detail/CVE-2015-1321 > txt/CVE-2015-1321.txt
CVE-2015-1255,curl https://nvd.nist.gov/vuln/detail/CVE-2015-1255 > txt/CVE-2015-1255.txt
CVE-2015-1315,curl https://nvd.nist.gov/vuln/detail/CVE-2015-1315 > txt/CVE-2015-1315.txt
CVE-2015-1266,curl https://nvd.nist.gov/vuln/detail/CVE-2015-1266 > txt/CVE-2015-1266.txt
CVE-2015-1625,curl https://nvd.nist.gov/vuln/detail/CVE-2015-1625 > txt/CVE-2015-1625.txt
CVE-2015-1517,curl https://nvd.nist.gov/vuln/detail/CVE-2015-1517 > txt/CVE-2015-1517.txt
CVE-2015-1577,curl https://nvd.nist.gov/vuln/detail/CVE-2015-1577 > txt/CVE-2015-1577.txt
CVE-2015-1725,curl https://nvd.nist.gov/vuln/detail/CVE-2015-1725 > txt/CVE-2015-1725.txt
CVE-2015-1741,curl https://nvd.nist.gov/vuln/detail/CVE-2015-1741 > txt/CVE-2015-1741.txt
CVE-2015-1779,curl https://nvd.nist.gov/vuln/detail/CVE-2015-1779 > txt/CVE-2015-1779.txt
CVE-2015-2027,curl https://nvd.nist.gov/vuln/detail/CVE-2015-2027 > txt/CVE-2015-2027.txt
CVE-2015-1890,curl https://nvd.nist.gov/vuln/detail/CVE-2015-1890 > txt/CVE-2015-1890.txt
CVE-2015-1913,curl https://nvd.nist.gov/vuln/detail/CVE-2015-1913 > txt/CVE-2015-1913.txt
CVE-2015-2233,curl https://nvd.nist.gov/vuln/detail/CVE-2015-2233 > txt/CVE-2015-2233.txt
CVE-2015-2275,curl https://nvd.nist.gov/vuln/detail/CVE-2015-2275 > txt/CVE-2015-2275.txt
CVE-2015-2177,curl https://nvd.nist.gov/vuln/detail/CVE-2015-2177 > txt/CVE-2015-2177.txt
CVE-2015-2485,curl https://nvd.nist.gov/vuln/detail/CVE-2015-2485 > txt/CVE-2015-2485.txt
CVE-2015-2339,curl https://nvd.nist.gov/vuln/detail/CVE-2015-2339 > txt/CVE-2015-2339.txt
CVE-2015-2448,curl https://nvd.nist.gov/vuln/detail/CVE-2015-2448 > txt/CVE-2015-2448.txt
CVE-2015-2361,curl https://nvd.nist.gov/vuln/detail/CVE-2015-2361 > txt/CVE-2015-2361.txt
CVE-2015-2528,curl https://nvd.nist.gov/vuln/detail/CVE-2015-2528 > txt/CVE-2015-2528.txt
CVE-2015-2952,curl https://nvd.nist.gov/vuln/detail/CVE-2015-2952 > txt/CVE-2015-2952.txt
CVE-2015-2972,curl https://nvd.nist.gov/vuln/detail/CVE-2015-2972 > txt/CVE-2015-2972.txt
CVE-2015-2971,curl https://nvd.nist.gov/vuln/detail/CVE-2015-2971 > txt/CVE-2015-2971.txt
CVE-2015-3036,curl https://nvd.nist.gov/vuln/detail/CVE-2015-3036 > txt/CVE-2015-3036.txt
CVE-2015-3080,curl https://nvd.nist.gov/vuln/detail/CVE-2015-3080 > txt/CVE-2015-3080.txt
CVE-2015-3108,curl https://nvd.nist.gov/vuln/detail/CVE-2015-3108 > txt/CVE-2015-3108.txt
CVE-2015-3062,curl https://nvd.nist.gov/vuln/detail/CVE-2015-3062 > txt/CVE-2015-3062.txt
CVE-2015-3376,curl https://nvd.nist.gov/vuln/detail/CVE-2015-3376 > txt/CVE-2015-3376.txt
CVE-2015-3239,curl https://nvd.nist.gov/vuln/detail/CVE-2015-3239 > txt/CVE-2015-3239.txt
CVE-2015-3244,curl https://nvd.nist.gov/vuln/detail/CVE-2015-3244 > txt/CVE-2015-3244.txt
CVE-2015-3196,curl https://nvd.nist.gov/vuln/detail/CVE-2015-3196 > txt/CVE-2015-3196.txt
CVE-2015-3275,curl https://nvd.nist.gov/vuln/detail/CVE-2015-3275 > txt/CVE-2015-3275.txt
CVE-2015-3448,curl https://nvd.nist.gov/vuln/detail/CVE-2015-3448 > txt/CVE-2015-3448.txt
CVE-2015-3230,curl https://nvd.nist.gov/vuln/detail/CVE-2015-3230 > txt/CVE-2015-3230.txt
CVE-2015-3368,curl https://nvd.nist.gov/vuln/detail/CVE-2015-3368 > txt/CVE-2015-3368.txt
CVE-2015-3742,curl https://nvd.nist.gov/vuln/detail/CVE-2015-3742 > txt/CVE-2015-3742.txt
CVE-2015-3646,curl https://nvd.nist.gov/vuln/detail/CVE-2015-3646 > txt/CVE-2015-3646.txt
CVE-2015-3784,curl https://nvd.nist.gov/vuln/detail/CVE-2015-3784 > txt/CVE-2015-3784.txt
CVE-2015-3775,curl https://nvd.nist.gov/vuln/detail/CVE-2015-3775 > txt/CVE-2015-3775.txt
CVE-2015-3778,curl https://nvd.nist.gov/vuln/detail/CVE-2015-3778 > txt/CVE-2015-3778.txt
CVE-2015-3749,curl https://nvd.nist.gov/vuln/detail/CVE-2015-3749 > txt/CVE-2015-3749.txt
CVE-2015-3867,curl https://nvd.nist.gov/vuln/detail/CVE-2015-3867 > txt/CVE-2015-3867.txt
CVE-2015-3843,curl https://nvd.nist.gov/vuln/detail/CVE-2015-3843 > txt/CVE-2015-3843.txt
CVE-2015-3831,curl https://nvd.nist.gov/vuln/detail/CVE-2015-3831 > txt/CVE-2015-3831.txt
CVE-2015-4163,curl https://nvd.nist.gov/vuln/detail/CVE-2015-4163 > txt/CVE-2015-4163.txt
CVE-2015-4047,curl https://nvd.nist.gov/vuln/detail/CVE-2015-4047 > txt/CVE-2015-4047.txt
CVE-2015-4244,curl https://nvd.nist.gov/vuln/detail/CVE-2015-4244 > txt/CVE-2015-4244.txt
CVE-2015-4164,curl https://nvd.nist.gov/vuln/detail/CVE-2015-4164 > txt/CVE-2015-4164.txt
CVE-2015-4156,curl https://nvd.nist.gov/vuln/detail/CVE-2015-4156 > txt/CVE-2015-4156.txt
CVE-2015-4278,curl https://nvd.nist.gov/vuln/detail/CVE-2015-4278 > txt/CVE-2015-4278.txt
CVE-2015-4489,curl https://nvd.nist.gov/vuln/detail/CVE-2015-4489 > txt/CVE-2015-4489.txt
CVE-2015-4327,curl https://nvd.nist.gov/vuln/detail/CVE-2015-4327 > txt/CVE-2015-4327.txt
CVE-2015-4225,curl https://nvd.nist.gov/vuln/detail/CVE-2015-4225 > txt/CVE-2015-4225.txt
CVE-2015-4294,curl https://nvd.nist.gov/vuln/detail/CVE-2015-4294 > txt/CVE-2015-4294.txt
CVE-2015-4476,curl https://nvd.nist.gov/vuln/detail/CVE-2015-4476 > txt/CVE-2015-4476.txt
CVE-2015-4658,curl https://nvd.nist.gov/vuln/detail/CVE-2015-4658 > txt/CVE-2015-4658.txt
CVE-2015-4640,curl https://nvd.nist.gov/vuln/detail/CVE-2015-4640 > txt/CVE-2015-4640.txt
CVE-2015-4831,curl https://nvd.nist.gov/vuln/detail/CVE-2015-4831 > txt/CVE-2015-4831.txt
CVE-2015-4810,curl https://nvd.nist.gov/vuln/detail/CVE-2015-4810 > txt/CVE-2015-4810.txt
CVE-2015-4740,curl https://nvd.nist.gov/vuln/detail/CVE-2015-4740 > txt/CVE-2015-4740.txt
CVE-2015-4874,curl https://nvd.nist.gov/vuln/detail/CVE-2015-4874 > txt/CVE-2015-4874.txt
CVE-2015-4915,curl https://nvd.nist.gov/vuln/detail/CVE-2015-4915 > txt/CVE-2015-4915.txt
CVE-2015-4935,curl https://nvd.nist.gov/vuln/detail/CVE-2015-4935 > txt/CVE-2015-4935.txt
CVE-2015-4974,curl https://nvd.nist.gov/vuln/detail/CVE-2015-4974 > txt/CVE-2015-4974.txt
CVE-2015-5044,curl https://nvd.nist.gov/vuln/detail/CVE-2015-5044 > txt/CVE-2015-5044.txt
CVE-2015-5312,curl https://nvd.nist.gov/vuln/detail/CVE-2015-5312 > txt/CVE-2015-5312.txt
CVE-2015-5324,curl https://nvd.nist.gov/vuln/detail/CVE-2015-5324 > txt/CVE-2015-5324.txt
CVE-2015-5099,curl https://nvd.nist.gov/vuln/detail/CVE-2015-5099 > txt/CVE-2015-5099.txt
CVE-2015-5265,curl https://nvd.nist.gov/vuln/detail/CVE-2015-5265 > txt/CVE-2015-5265.txt
CVE-2015-5347,curl https://nvd.nist.gov/vuln/detail/CVE-2015-5347 > txt/CVE-2015-5347.txt
CVE-2015-5302,curl https://nvd.nist.gov/vuln/detail/CVE-2015-5302 > txt/CVE-2015-5302.txt
CVE-2015-5454,curl https://nvd.nist.gov/vuln/detail/CVE-2015-5454 > txt/CVE-2015-5454.txt
CVE-2015-5537,curl https://nvd.nist.gov/vuln/detail/CVE-2015-5537 > txt/CVE-2015-5537.txt
CVE-2015-5337,curl https://nvd.nist.gov/vuln/detail/CVE-2015-5337 > txt/CVE-2015-5337.txt
CVE-2015-5420,curl https://nvd.nist.gov/vuln/detail/CVE-2015-5420 > txt/CVE-2015-5420.txt
CVE-2015-5441,curl https://nvd.nist.gov/vuln/detail/CVE-2015-5441 > txt/CVE-2015-5441.txt
CVE-2015-5588,curl https://nvd.nist.gov/vuln/detail/CVE-2015-5588 > txt/CVE-2015-5588.txt
CVE-2015-5479,curl https://nvd.nist.gov/vuln/detail/CVE-2015-5479 > txt/CVE-2015-5479.txt
CVE-2015-5735,curl https://nvd.nist.gov/vuln/detail/CVE-2015-5735 > txt/CVE-2015-5735.txt
CVE-2015-5755,curl https://nvd.nist.gov/vuln/detail/CVE-2015-5755 > txt/CVE-2015-5755.txt
CVE-2015-5811,curl https://nvd.nist.gov/vuln/detail/CVE-2015-5811 > txt/CVE-2015-5811.txt
CVE-2015-5870,curl https://nvd.nist.gov/vuln/detail/CVE-2015-5870 > txt/CVE-2015-5870.txt
CVE-2015-5930,curl https://nvd.nist.gov/vuln/detail/CVE-2015-5930 > txt/CVE-2015-5930.txt
CVE-2015-5775,curl https://nvd.nist.gov/vuln/detail/CVE-2015-5775 > txt/CVE-2015-5775.txt
CVE-2015-5909,curl https://nvd.nist.gov/vuln/detail/CVE-2015-5909 > txt/CVE-2015-5909.txt
CVE-2015-6005,curl https://nvd.nist.gov/vuln/detail/CVE-2015-6005 > txt/CVE-2015-6005.txt
CVE-2015-6243,curl https://nvd.nist.gov/vuln/detail/CVE-2015-6243 > txt/CVE-2015-6243.txt
CVE-2015-6034,curl https://nvd.nist.gov/vuln/detail/CVE-2015-6034 > txt/CVE-2015-6034.txt
CVE-2015-6101,curl https://nvd.nist.gov/vuln/detail/CVE-2015-6101 > txt/CVE-2015-6101.txt
CVE-2015-6104,curl https://nvd.nist.gov/vuln/detail/CVE-2015-6104 > txt/CVE-2015-6104.txt
CVE-2015-6293,curl https://nvd.nist.gov/vuln/detail/CVE-2015-6293 > txt/CVE-2015-6293.txt
CVE-2015-6139,curl https://nvd.nist.gov/vuln/detail/CVE-2015-6139 > txt/CVE-2015-6139.txt
CVE-2015-6300,curl https://nvd.nist.gov/vuln/detail/CVE-2015-6300 > txt/CVE-2015-6300.txt
CVE-2015-6494,curl https://nvd.nist.gov/vuln/detail/CVE-2015-6494 > txt/CVE-2015-6494.txt
CVE-2015-6423,curl https://nvd.nist.gov/vuln/detail/CVE-2015-6423 > txt/CVE-2015-6423.txt
CVE-2015-6456,curl https://nvd.nist.gov/vuln/detail/CVE-2015-6456 > txt/CVE-2015-6456.txt
CVE-2015-6622,curl https://nvd.nist.gov/vuln/detail/CVE-2015-6622 > txt/CVE-2015-6622.txt
CVE-2015-6626,curl https://nvd.nist.gov/vuln/detail/CVE-2015-6626 > txt/CVE-2015-6626.txt
CVE-2015-6781,curl https://nvd.nist.gov/vuln/detail/CVE-2015-6781 > txt/CVE-2015-6781.txt
CVE-2015-6939,curl https://nvd.nist.gov/vuln/detail/CVE-2015-6939 > txt/CVE-2015-6939.txt
CVE-2015-6721,curl https://nvd.nist.gov/vuln/detail/CVE-2015-6721 > txt/CVE-2015-6721.txt
CVE-2015-6829,curl https://nvd.nist.gov/vuln/detail/CVE-2015-6829 > txt/CVE-2015-6829.txt
CVE-2015-7002,curl https://nvd.nist.gov/vuln/detail/CVE-2015-7002 > txt/CVE-2015-7002.txt
CVE-2015-7044,curl https://nvd.nist.gov/vuln/detail/CVE-2015-7044 > txt/CVE-2015-7044.txt
CVE-2015-6857,curl https://nvd.nist.gov/vuln/detail/CVE-2015-6857 > txt/CVE-2015-6857.txt
CVE-2015-6991,curl https://nvd.nist.gov/vuln/detail/CVE-2015-6991 > txt/CVE-2015-6991.txt
CVE-2015-7030,curl https://nvd.nist.gov/vuln/detail/CVE-2015-7030 > txt/CVE-2015-7030.txt
CVE-2015-7228,curl https://nvd.nist.gov/vuln/detail/CVE-2015-7228 > txt/CVE-2015-7228.txt
CVE-2015-7441,curl https://nvd.nist.gov/vuln/detail/CVE-2015-7441 > txt/CVE-2015-7441.txt
CVE-2015-7176,curl https://nvd.nist.gov/vuln/detail/CVE-2015-7176 > txt/CVE-2015-7176.txt
CVE-2015-7428,curl https://nvd.nist.gov/vuln/detail/CVE-2015-7428 > txt/CVE-2015-7428.txt
CVE-2015-7368,curl https://nvd.nist.gov/vuln/detail/CVE-2015-7368 > txt/CVE-2015-7368.txt
CVE-2015-7296,curl https://nvd.nist.gov/vuln/detail/CVE-2015-7296 > txt/CVE-2015-7296.txt
CVE-2015-7527,curl https://nvd.nist.gov/vuln/detail/CVE-2015-7527 > txt/CVE-2015-7527.txt
CVE-2015-7502,curl https://nvd.nist.gov/vuln/detail/CVE-2015-7502 > txt/CVE-2015-7502.txt
CVE-2015-7673,curl https://nvd.nist.gov/vuln/detail/CVE-2015-7673 > txt/CVE-2015-7673.txt
CVE-2015-7647,curl https://nvd.nist.gov/vuln/detail/CVE-2015-7647 > txt/CVE-2015-7647.txt
CVE-2015-7803,curl https://nvd.nist.gov/vuln/detail/CVE-2015-7803 > txt/CVE-2015-7803.txt
CVE-2015-7698,curl https://nvd.nist.gov/vuln/detail/CVE-2015-7698 > txt/CVE-2015-7698.txt
CVE-2015-7866,curl https://nvd.nist.gov/vuln/detail/CVE-2015-7866 > txt/CVE-2015-7866.txt
CVE-2015-7924,curl https://nvd.nist.gov/vuln/detail/CVE-2015-7924 > txt/CVE-2015-7924.txt
CVE-2015-7974,curl https://nvd.nist.gov/vuln/detail/CVE-2015-7974 > txt/CVE-2015-7974.txt
CVE-2015-8222,curl https://nvd.nist.gov/vuln/detail/CVE-2015-8222 > txt/CVE-2015-8222.txt
CVE-2015-8339,curl https://nvd.nist.gov/vuln/detail/CVE-2015-8339 > txt/CVE-2015-8339.txt
CVE-2015-8252,curl https://nvd.nist.gov/vuln/detail/CVE-2015-8252 > txt/CVE-2015-8252.txt
CVE-2015-8377,curl https://nvd.nist.gov/vuln/detail/CVE-2015-8377 > txt/CVE-2015-8377.txt
CVE-2015-8479,curl https://nvd.nist.gov/vuln/detail/CVE-2015-8479 > txt/CVE-2015-8479.txt
CVE-2015-8444,curl https://nvd.nist.gov/vuln/detail/CVE-2015-8444 > txt/CVE-2015-8444.txt
CVE-2015-8480,curl https://nvd.nist.gov/vuln/detail/CVE-2015-8480 > txt/CVE-2015-8480.txt
CVE-2015-8614,curl https://nvd.nist.gov/vuln/detail/CVE-2015-8614 > txt/CVE-2015-8614.txt
CVE-2015-8722,curl https://nvd.nist.gov/vuln/detail/CVE-2015-8722 > txt/CVE-2015-8722.txt
CVE-2015-8800,curl https://nvd.nist.gov/vuln/detail/CVE-2015-8800 > txt/CVE-2015-8800.txt
CVE-2015-8972,curl https://nvd.nist.gov/vuln/detail/CVE-2015-8972 > txt/CVE-2015-8972.txt
CVE-2015-8799,curl https://nvd.nist.gov/vuln/detail/CVE-2015-8799 > txt/CVE-2015-8799.txt
CVE-2015-8933,curl https://nvd.nist.gov/vuln/detail/CVE-2015-8933 > txt/CVE-2015-8933.txt
CVE-2016-0120,curl https://nvd.nist.gov/vuln/detail/CVE-2016-0120 > txt/CVE-2016-0120.txt
CVE-2016-0190,curl https://nvd.nist.gov/vuln/detail/CVE-2016-0190 > txt/CVE-2016-0190.txt
CVE-2016-0129,curl https://nvd.nist.gov/vuln/detail/CVE-2016-0129 > txt/CVE-2016-0129.txt
CVE-2016-0152,curl https://nvd.nist.gov/vuln/detail/CVE-2016-0152 > txt/CVE-2016-0152.txt
CVE-2016-0393,curl https://nvd.nist.gov/vuln/detail/CVE-2016-0393 > txt/CVE-2016-0393.txt
CVE-2016-0339,curl https://nvd.nist.gov/vuln/detail/CVE-2016-0339 > txt/CVE-2016-0339.txt
CVE-2016-0396,curl https://nvd.nist.gov/vuln/detail/CVE-2016-0396 > txt/CVE-2016-0396.txt
CVE-2016-0438,curl https://nvd.nist.gov/vuln/detail/CVE-2016-0438 > txt/CVE-2016-0438.txt
CVE-2016-0459,curl https://nvd.nist.gov/vuln/detail/CVE-2016-0459 > txt/CVE-2016-0459.txt
CVE-2016-0495,curl https://nvd.nist.gov/vuln/detail/CVE-2016-0495 > txt/CVE-2016-0495.txt
CVE-2016-0531,curl https://nvd.nist.gov/vuln/detail/CVE-2016-0531 > txt/CVE-2016-0531.txt
CVE-2016-0658,curl https://nvd.nist.gov/vuln/detail/CVE-2016-0658 > txt/CVE-2016-0658.txt
CVE-2016-0678,curl https://nvd.nist.gov/vuln/detail/CVE-2016-0678 > txt/CVE-2016-0678.txt
CVE-2016-0553,curl https://nvd.nist.gov/vuln/detail/CVE-2016-0553 > txt/CVE-2016-0553.txt
CVE-2016-0657,curl https://nvd.nist.gov/vuln/detail/CVE-2016-0657 > txt/CVE-2016-0657.txt
CVE-2016-0683,curl https://nvd.nist.gov/vuln/detail/CVE-2016-0683 > txt/CVE-2016-0683.txt
CVE-2016-0836,curl https://nvd.nist.gov/vuln/detail/CVE-2016-0836 > txt/CVE-2016-0836.txt
CVE-2016-0938,curl https://nvd.nist.gov/vuln/detail/CVE-2016-0938 > txt/CVE-2016-0938.txt
CVE-2016-0877,curl https://nvd.nist.gov/vuln/detail/CVE-2016-0877 > txt/CVE-2016-0877.txt
CVE-2016-0988,curl https://nvd.nist.gov/vuln/detail/CVE-2016-0988 > txt/CVE-2016-0988.txt
CVE-2016-1055,curl https://nvd.nist.gov/vuln/detail/CVE-2016-1055 > txt/CVE-2016-1055.txt
CVE-2016-1060,curl https://nvd.nist.gov/vuln/detail/CVE-2016-1060 > txt/CVE-2016-1060.txt
CVE-2016-1270,curl https://nvd.nist.gov/vuln/detail/CVE-2016-1270 > txt/CVE-2016-1270.txt
CVE-2016-1189,curl https://nvd.nist.gov/vuln/detail/CVE-2016-1189 > txt/CVE-2016-1189.txt
CVE-2016-1364,curl https://nvd.nist.gov/vuln/detail/CVE-2016-1364 > txt/CVE-2016-1364.txt
CVE-2016-1229,curl https://nvd.nist.gov/vuln/detail/CVE-2016-1229 > txt/CVE-2016-1229.txt
CVE-2016-1353,curl https://nvd.nist.gov/vuln/detail/CVE-2016-1353 > txt/CVE-2016-1353.txt
CVE-2016-1362,curl https://nvd.nist.gov/vuln/detail/CVE-2016-1362 > txt/CVE-2016-1362.txt
CVE-2016-1402,curl https://nvd.nist.gov/vuln/detail/CVE-2016-1402 > txt/CVE-2016-1402.txt
CVE-2016-1399,curl https://nvd.nist.gov/vuln/detail/CVE-2016-1399 > txt/CVE-2016-1399.txt
CVE-2016-1370,curl https://nvd.nist.gov/vuln/detail/CVE-2016-1370 > txt/CVE-2016-1370.txt
CVE-2016-1499,curl https://nvd.nist.gov/vuln/detail/CVE-2016-1499 > txt/CVE-2016-1499.txt
CVE-2016-1447,curl https://nvd.nist.gov/vuln/detail/CVE-2016-1447 > txt/CVE-2016-1447.txt
CVE-2016-1541,curl https://nvd.nist.gov/vuln/detail/CVE-2016-1541 > txt/CVE-2016-1541.txt
CVE-2016-1495,curl https://nvd.nist.gov/vuln/detail/CVE-2016-1495 > txt/CVE-2016-1495.txt
CVE-2016-1683,curl https://nvd.nist.gov/vuln/detail/CVE-2016-1683 > txt/CVE-2016-1683.txt
CVE-2016-1664,curl https://nvd.nist.gov/vuln/detail/CVE-2016-1664 > txt/CVE-2016-1664.txt
CVE-2016-1688,curl https://nvd.nist.gov/vuln/detail/CVE-2016-1688 > txt/CVE-2016-1688.txt
CVE-2016-1722,curl https://nvd.nist.gov/vuln/detail/CVE-2016-1722 > txt/CVE-2016-1722.txt
CVE-2016-1843,curl https://nvd.nist.gov/vuln/detail/CVE-2016-1843 > txt/CVE-2016-1843.txt
CVE-2016-1940,curl https://nvd.nist.gov/vuln/detail/CVE-2016-1940 > txt/CVE-2016-1940.txt
CVE-2016-1960,curl https://nvd.nist.gov/vuln/detail/CVE-2016-1960 > txt/CVE-2016-1960.txt
CVE-2016-1977,curl https://nvd.nist.gov/vuln/detail/CVE-2016-1977 > txt/CVE-2016-1977.txt
CVE-2016-2074,curl https://nvd.nist.gov/vuln/detail/CVE-2016-2074 > txt/CVE-2016-2074.txt
CVE-2016-2063,curl https://nvd.nist.gov/vuln/detail/CVE-2016-2063 > txt/CVE-2016-2063.txt
CVE-2016-2152,curl https://nvd.nist.gov/vuln/detail/CVE-2016-2152 > txt/CVE-2016-2152.txt
CVE-2016-2113,curl https://nvd.nist.gov/vuln/detail/CVE-2016-2113 > txt/CVE-2016-2113.txt
CVE-2016-2117,curl https://nvd.nist.gov/vuln/detail/CVE-2016-2117 > txt/CVE-2016-2117.txt
CVE-2016-2141,curl https://nvd.nist.gov/vuln/detail/CVE-2016-2141 > txt/CVE-2016-2141.txt
CVE-2016-2272,curl https://nvd.nist.gov/vuln/detail/CVE-2016-2272 > txt/CVE-2016-2272.txt
CVE-2016-2232,curl https://nvd.nist.gov/vuln/detail/CVE-2016-2232 > txt/CVE-2016-2232.txt
CVE-2016-2233,curl https://nvd.nist.gov/vuln/detail/CVE-2016-2233 > txt/CVE-2016-2233.txt
CVE-2016-2384,curl https://nvd.nist.gov/vuln/detail/CVE-2016-2384 > txt/CVE-2016-2384.txt
CVE-2016-2423,curl https://nvd.nist.gov/vuln/detail/CVE-2016-2423 > txt/CVE-2016-2423.txt
CVE-2016-2448,curl https://nvd.nist.gov/vuln/detail/CVE-2016-2448 > txt/CVE-2016-2448.txt
CVE-2016-2493,curl https://nvd.nist.gov/vuln/detail/CVE-2016-2493 > txt/CVE-2016-2493.txt
CVE-2016-2466,curl https://nvd.nist.gov/vuln/detail/CVE-2016-2466 > txt/CVE-2016-2466.txt
CVE-2016-2832,curl https://nvd.nist.gov/vuln/detail/CVE-2016-2832 > txt/CVE-2016-2832.txt
CVE-2016-2842,curl https://nvd.nist.gov/vuln/detail/CVE-2016-2842 > txt/CVE-2016-2842.txt
CVE-2016-2806,curl https://nvd.nist.gov/vuln/detail/CVE-2016-2806 > txt/CVE-2016-2806.txt
CVE-2016-2995,curl https://nvd.nist.gov/vuln/detail/CVE-2016-2995 > txt/CVE-2016-2995.txt
CVE-2016-2933,curl https://nvd.nist.gov/vuln/detail/CVE-2016-2933 > txt/CVE-2016-2933.txt
CVE-2016-3016,curl https://nvd.nist.gov/vuln/detail/CVE-2016-3016 > txt/CVE-2016-3016.txt
CVE-2016-3025,curl https://nvd.nist.gov/vuln/detail/CVE-2016-3025 > txt/CVE-2016-3025.txt
CVE-2016-3118,curl https://nvd.nist.gov/vuln/detail/CVE-2016-3118 > txt/CVE-2016-3118.txt
CVE-2016-3210,curl https://nvd.nist.gov/vuln/detail/CVE-2016-3210 > txt/CVE-2016-3210.txt
CVE-2016-3348,curl https://nvd.nist.gov/vuln/detail/CVE-2016-3348 > txt/CVE-2016-3348.txt
CVE-2016-3413,curl https://nvd.nist.gov/vuln/detail/CVE-2016-3413 > txt/CVE-2016-3413.txt
CVE-2016-3482,curl https://nvd.nist.gov/vuln/detail/CVE-2016-3482 > txt/CVE-2016-3482.txt
CVE-2016-3510,curl https://nvd.nist.gov/vuln/detail/CVE-2016-3510 > txt/CVE-2016-3510.txt
CVE-2016-3525,curl https://nvd.nist.gov/vuln/detail/CVE-2016-3525 > txt/CVE-2016-3525.txt
CVE-2016-3565,curl https://nvd.nist.gov/vuln/detail/CVE-2016-3565 > txt/CVE-2016-3565.txt
CVE-2016-3587,curl https://nvd.nist.gov/vuln/detail/CVE-2016-3587 > txt/CVE-2016-3587.txt
CVE-2016-3630,curl https://nvd.nist.gov/vuln/detail/CVE-2016-3630 > txt/CVE-2016-3630.txt
CVE-2016-3751,curl https://nvd.nist.gov/vuln/detail/CVE-2016-3751 > txt/CVE-2016-3751.txt
CVE-2016-3841,curl https://nvd.nist.gov/vuln/detail/CVE-2016-3841 > txt/CVE-2016-3841.txt
CVE-2016-3802,curl https://nvd.nist.gov/vuln/detail/CVE-2016-3802 > txt/CVE-2016-3802.txt
CVE-2016-3805,curl https://nvd.nist.gov/vuln/detail/CVE-2016-3805 > txt/CVE-2016-3805.txt
CVE-2016-3887,curl https://nvd.nist.gov/vuln/detail/CVE-2016-3887 > txt/CVE-2016-3887.txt
CVE-2016-3975,curl https://nvd.nist.gov/vuln/detail/CVE-2016-3975 > txt/CVE-2016-3975.txt
CVE-2016-4052,curl https://nvd.nist.gov/vuln/detail/CVE-2016-4052 > txt/CVE-2016-4052.txt
CVE-2016-4009,curl https://nvd.nist.gov/vuln/detail/CVE-2016-4009 > txt/CVE-2016-4009.txt
CVE-2016-4093,curl https://nvd.nist.gov/vuln/detail/CVE-2016-4093 > txt/CVE-2016-4093.txt
CVE-2016-4171,curl https://nvd.nist.gov/vuln/detail/CVE-2016-4171 > txt/CVE-2016-4171.txt
CVE-2016-4157,curl https://nvd.nist.gov/vuln/detail/CVE-2016-4157 > txt/CVE-2016-4157.txt
CVE-2016-4207,curl https://nvd.nist.gov/vuln/detail/CVE-2016-4207 > txt/CVE-2016-4207.txt
CVE-2016-4292,curl https://nvd.nist.gov/vuln/detail/CVE-2016-4292 > txt/CVE-2016-4292.txt
CVE-2016-4395,curl https://nvd.nist.gov/vuln/detail/CVE-2016-4395 > txt/CVE-2016-4395.txt
CVE-2016-4533,curl https://nvd.nist.gov/vuln/detail/CVE-2016-4533 > txt/CVE-2016-4533.txt
CVE-2016-4586,curl https://nvd.nist.gov/vuln/detail/CVE-2016-4586 > txt/CVE-2016-4586.txt
CVE-2016-4639,curl https://nvd.nist.gov/vuln/detail/CVE-2016-4639 > txt/CVE-2016-4639.txt
CVE-2016-4666,curl https://nvd.nist.gov/vuln/detail/CVE-2016-4666 > txt/CVE-2016-4666.txt
CVE-2016-4702,curl https://nvd.nist.gov/vuln/detail/CVE-2016-4702 > txt/CVE-2016-4702.txt
CVE-2016-4693,curl https://nvd.nist.gov/vuln/detail/CVE-2016-4693 > txt/CVE-2016-4693.txt
CVE-2016-4738,curl https://nvd.nist.gov/vuln/detail/CVE-2016-4738 > txt/CVE-2016-4738.txt
CVE-2016-4741,curl https://nvd.nist.gov/vuln/detail/CVE-2016-4741 > txt/CVE-2016-4741.txt
CVE-2016-4807,curl https://nvd.nist.gov/vuln/detail/CVE-2016-4807 > txt/CVE-2016-4807.txt
CVE-2016-4851,curl https://nvd.nist.gov/vuln/detail/CVE-2016-4851 > txt/CVE-2016-4851.txt
CVE-2016-4963,curl https://nvd.nist.gov/vuln/detail/CVE-2016-4963 > txt/CVE-2016-4963.txt
CVE-2016-5080,curl https://nvd.nist.gov/vuln/detail/CVE-2016-5080 > txt/CVE-2016-5080.txt
CVE-2016-5136,curl https://nvd.nist.gov/vuln/detail/CVE-2016-5136 > txt/CVE-2016-5136.txt
CVE-2016-5124,curl https://nvd.nist.gov/vuln/detail/CVE-2016-5124 > txt/CVE-2016-5124.txt
CVE-2016-5116,curl https://nvd.nist.gov/vuln/detail/CVE-2016-5116 > txt/CVE-2016-5116.txt
CVE-2016-5175,curl https://nvd.nist.gov/vuln/detail/CVE-2016-5175 > txt/CVE-2016-5175.txt
CVE-2016-5198,curl https://nvd.nist.gov/vuln/detail/CVE-2016-5198 > txt/CVE-2016-5198.txt
CVE-2016-5243,curl https://nvd.nist.gov/vuln/detail/CVE-2016-5243 > txt/CVE-2016-5243.txt
CVE-2016-5365,curl https://nvd.nist.gov/vuln/detail/CVE-2016-5365 > txt/CVE-2016-5365.txt
CVE-2016-5493,curl https://nvd.nist.gov/vuln/detail/CVE-2016-5493 > txt/CVE-2016-5493.txt
CVE-2016-5595,curl https://nvd.nist.gov/vuln/detail/CVE-2016-5595 > txt/CVE-2016-5595.txt
CVE-2016-5619,curl https://nvd.nist.gov/vuln/detail/CVE-2016-5619 > txt/CVE-2016-5619.txt
CVE-2016-5640,curl https://nvd.nist.gov/vuln/detail/CVE-2016-5640 > txt/CVE-2016-5640.txt
CVE-2016-5807,curl https://nvd.nist.gov/vuln/detail/CVE-2016-5807 > txt/CVE-2016-5807.txt
CVE-2016-5843,curl https://nvd.nist.gov/vuln/detail/CVE-2016-5843 > txt/CVE-2016-5843.txt
CVE-2016-5932,curl https://nvd.nist.gov/vuln/detail/CVE-2016-5932 > txt/CVE-2016-5932.txt
CVE-2016-5995,curl https://nvd.nist.gov/vuln/detail/CVE-2016-5995 > txt/CVE-2016-5995.txt
CVE-2016-6032,curl https://nvd.nist.gov/vuln/detail/CVE-2016-6032 > txt/CVE-2016-6032.txt
CVE-2016-6040,curl https://nvd.nist.gov/vuln/detail/CVE-2016-6040 > txt/CVE-2016-6040.txt
CVE-2016-6126,curl https://nvd.nist.gov/vuln/detail/CVE-2016-6126 > txt/CVE-2016-6126.txt
CVE-2016-6105,curl https://nvd.nist.gov/vuln/detail/CVE-2016-6105 > txt/CVE-2016-6105.txt
CVE-2016-6344,curl https://nvd.nist.gov/vuln/detail/CVE-2016-6344 > txt/CVE-2016-6344.txt
CVE-2016-6399,curl https://nvd.nist.gov/vuln/detail/CVE-2016-6399 > txt/CVE-2016-6399.txt
CVE-2016-6442,curl https://nvd.nist.gov/vuln/detail/CVE-2016-6442 > txt/CVE-2016-6442.txt
CVE-2016-6437,curl https://nvd.nist.gov/vuln/detail/CVE-2016-6437 > txt/CVE-2016-6437.txt
CVE-2016-6427,curl https://nvd.nist.gov/vuln/detail/CVE-2016-6427 > txt/CVE-2016-6427.txt
CVE-2016-6495,curl https://nvd.nist.gov/vuln/detail/CVE-2016-6495 > txt/CVE-2016-6495.txt
CVE-2016-6614,curl https://nvd.nist.gov/vuln/detail/CVE-2016-6614 > txt/CVE-2016-6614.txt
CVE-2016-6707,curl https://nvd.nist.gov/vuln/detail/CVE-2016-6707 > txt/CVE-2016-6707.txt
CVE-2016-6719,curl https://nvd.nist.gov/vuln/detail/CVE-2016-6719 > txt/CVE-2016-6719.txt
CVE-2016-6764,curl https://nvd.nist.gov/vuln/detail/CVE-2016-6764 > txt/CVE-2016-6764.txt
CVE-2016-6760,curl https://nvd.nist.gov/vuln/detail/CVE-2016-6760 > txt/CVE-2016-6760.txt
CVE-2016-6758,curl https://nvd.nist.gov/vuln/detail/CVE-2016-6758 > txt/CVE-2016-6758.txt
CVE-2016-6829,curl https://nvd.nist.gov/vuln/detail/CVE-2016-6829 > txt/CVE-2016-6829.txt
CVE-2016-6852,curl https://nvd.nist.gov/vuln/detail/CVE-2016-6852 > txt/CVE-2016-6852.txt
CVE-2016-6866,curl https://nvd.nist.gov/vuln/detail/CVE-2016-6866 > txt/CVE-2016-6866.txt
CVE-2016-7012,curl https://nvd.nist.gov/vuln/detail/CVE-2016-7012 > txt/CVE-2016-7012.txt
CVE-2016-7084,curl https://nvd.nist.gov/vuln/detail/CVE-2016-7084 > txt/CVE-2016-7084.txt
CVE-2016-7099,curl https://nvd.nist.gov/vuln/detail/CVE-2016-7099 > txt/CVE-2016-7099.txt
CVE-2016-7182,curl https://nvd.nist.gov/vuln/detail/CVE-2016-7182 > txt/CVE-2016-7182.txt
CVE-2016-7177,curl https://nvd.nist.gov/vuln/detail/CVE-2016-7177 > txt/CVE-2016-7177.txt
CVE-2016-7230,curl https://nvd.nist.gov/vuln/detail/CVE-2016-7230 > txt/CVE-2016-7230.txt
CVE-2016-7267,curl https://nvd.nist.gov/vuln/detail/CVE-2016-7267 > txt/CVE-2016-7267.txt
CVE-2016-7502,curl https://nvd.nist.gov/vuln/detail/CVE-2016-7502 > txt/CVE-2016-7502.txt
CVE-2016-7610,curl https://nvd.nist.gov/vuln/detail/CVE-2016-7610 > txt/CVE-2016-7610.txt
CVE-2016-7612,curl https://nvd.nist.gov/vuln/detail/CVE-2016-7612 > txt/CVE-2016-7612.txt
CVE-2016-7649,curl https://nvd.nist.gov/vuln/detail/CVE-2016-7649 > txt/CVE-2016-7649.txt
CVE-2016-7874,curl https://nvd.nist.gov/vuln/detail/CVE-2016-7874 > txt/CVE-2016-7874.txt
CVE-2016-7946,curl https://nvd.nist.gov/vuln/detail/CVE-2016-7946 > txt/CVE-2016-7946.txt
CVE-2016-8302,curl https://nvd.nist.gov/vuln/detail/CVE-2016-8302 > txt/CVE-2016-8302.txt
CVE-2016-8350,curl https://nvd.nist.gov/vuln/detail/CVE-2016-8350 > txt/CVE-2016-8350.txt
CVE-2016-8427,curl https://nvd.nist.gov/vuln/detail/CVE-2016-8427 > txt/CVE-2016-8427.txt
CVE-2016-8444,curl https://nvd.nist.gov/vuln/detail/CVE-2016-8444 > txt/CVE-2016-8444.txt
CVE-2016-8808,curl https://nvd.nist.gov/vuln/detail/CVE-2016-8808 > txt/CVE-2016-8808.txt
CVE-2016-8805,curl https://nvd.nist.gov/vuln/detail/CVE-2016-8805 > txt/CVE-2016-8805.txt
CVE-2016-9013,curl https://nvd.nist.gov/vuln/detail/CVE-2016-9013 > txt/CVE-2016-9013.txt
CVE-2016-9082,curl https://nvd.nist.gov/vuln/detail/CVE-2016-9082 > txt/CVE-2016-9082.txt
CVE-2016-9117,curl https://nvd.nist.gov/vuln/detail/CVE-2016-9117 > txt/CVE-2016-9117.txt
CVE-2016-9135,curl https://nvd.nist.gov/vuln/detail/CVE-2016-9135 > txt/CVE-2016-9135.txt
CVE-2016-9152,curl https://nvd.nist.gov/vuln/detail/CVE-2016-9152 > txt/CVE-2016-9152.txt
CVE-2016-9138,curl https://nvd.nist.gov/vuln/detail/CVE-2016-9138 > txt/CVE-2016-9138.txt
CVE-2016-9155,curl https://nvd.nist.gov/vuln/detail/CVE-2016-9155 > txt/CVE-2016-9155.txt
CVE-2016-9190,curl https://nvd.nist.gov/vuln/detail/CVE-2016-9190 > txt/CVE-2016-9190.txt
CVE-2016-9277,curl https://nvd.nist.gov/vuln/detail/CVE-2016-9277 > txt/CVE-2016-9277.txt
CVE-2016-9345,curl https://nvd.nist.gov/vuln/detail/CVE-2016-9345 > txt/CVE-2016-9345.txt
CVE-2016-9404,curl https://nvd.nist.gov/vuln/detail/CVE-2016-9404 > txt/CVE-2016-9404.txt
CVE-2016-9434,curl https://nvd.nist.gov/vuln/detail/CVE-2016-9434 > txt/CVE-2016-9434.txt
CVE-2016-9447,curl https://nvd.nist.gov/vuln/detail/CVE-2016-9447 > txt/CVE-2016-9447.txt
CVE-2016-9555,curl https://nvd.nist.gov/vuln/detail/CVE-2016-9555 > txt/CVE-2016-9555.txt
CVE-2016-9562,curl https://nvd.nist.gov/vuln/detail/CVE-2016-9562 > txt/CVE-2016-9562.txt
CVE-2016-9809,curl https://nvd.nist.gov/vuln/detail/CVE-2016-9809 > txt/CVE-2016-9809.txt
CVE-2016-9832,curl https://nvd.nist.gov/vuln/detail/CVE-2016-9832 > txt/CVE-2016-9832.txt
CVE-2016-9909,curl https://nvd.nist.gov/vuln/detail/CVE-2016-9909 > txt/CVE-2016-9909.txt
